id,name,category,subcategory,difficulty_level,calories_per_minute,met_value,is_popular,usage_count,wger_id,wger_category_id,wger_license_author,created_at,updated_at,exercise_type,muscle_groups,equipment
6e46e306-87c2-49c4-bbb2-33527a6839d1,Plank Jacks,abs,,beginner,5.0,,1,0,1489,10,,2025-09-19 00:55:32,2025-09-19 00:57:54,Strength,"['Glutes', 'Obliquus externus abdominis', 'Abs', 'Calves', 'Quads']",['none']
50b4bf73-7920-472c-bfdd-5949464cb4d8,Deadlifts,back,,beginner,5.0,,1,0,184,12,,2025-09-19 00:55:32,2025-09-19 00:57:54,Strength,"['Lats', 'Glutes']",['Barbell']
087be9a6-534a-40d0-8732-52805a7cbabf,TRX dips,arms,,beginner,5.0,,1,0,1269,8,,2025-09-19 00:55:32,2025-09-19 00:57:54,Strength,"['Triceps', 'Chest']",['none']
19a079ae-8878-47ca-9953-bcf5bb41962a,Perpendicular Unilateral Landmine Row,shoulders,,beginner,5.0,,1,0,1580,13,,2025-09-19 00:55:32,2025-09-19 00:57:54,Strength,"['Shoulders', 'Trapezius']",['Barbell']
4df28898-759b-496a-8475-1bae5d10b724,Pull Ups on Machine,back,,beginner,5.0,,1,0,477,12,,2025-09-19 00:55:32,2025-09-19 00:57:54,Strength,"['Lats', 'Shoulders', 'Biceps', 'Trapezius']",['none']
5b8c07bd-18e1-410c-9210-660c42e81c51,Barbell Wrist Curl,arms,,beginner,5.0,,1,0,51,8,,2025-09-19 00:55:32,2025-09-19 00:57:54,Strength,"['Shoulders', 'Hamstrings', 'Biceps', 'Obliquus externus abdominis']","['Barbell', 'Bench']"
42d01524-e7c3-4bfc-8528-038ba9ed320f,Long-Pulley (low Row),back,,beginner,5.0,,1,0,394,12,,2025-09-19 00:55:32,2025-09-19 00:57:54,Strength,"['Lats', 'Biceps', 'Brachialis']",['none']
7aa4ab7d-a4fb-4881-b746-a38019406b8d,Hammercurls,arms,,beginner,5.0,,1,0,272,8,,2025-09-19 00:55:32,2025-09-19 00:57:54,Strength,['Biceps'],['Dumbbell']
9bb4dcf6-cc6c-4168-97b2-642a60b29629,Plank Shoulter Taps,abs,,beginner,5.0,,1,0,1091,10,,2025-09-19 00:55:32,2025-09-19 00:57:54,Strength,"['Shoulders', 'Glutes', 'Abs', 'Lats']",['Gym mat']
4b6889d0-1edf-4f8f-be42-20aa4db4220b,Clap Push-UP,chest,,beginner,5.0,,1,0,1554,11,,2025-09-19 00:55:32,2025-09-19 00:57:54,Strength,"['Chest', 'Shoulders', 'Abs', 'Triceps']",['none (bodyweight exercise)']
63218f96-6f85-4ccf-a0f3-2a88bc29c881,Pin Squat,legs,,beginner,5.0,,1,0,1437,9,,2025-09-19 00:55:32,2025-09-19 00:57:54,Strength,"['Hamstrings', 'Glutes', 'Quads', 'Abs']",['Barbell']
0c2e779f-7c27-4832-9ff9-5f28f237b9ec,Incline Bench Press - MP,chest,,beginner,5.0,,1,0,539,11,,2025-09-19 00:55:32,2025-09-19 00:57:54,Strength,"['Chest', 'Shoulders', 'Triceps']",['none']
2e7498c0-f19a-4c1f-943e-586fae2c9cfa,Pseudo Planche Push-up,shoulders,,beginner,5.0,,1,0,1284,13,,2025-09-19 00:55:32,2025-09-19 00:57:54,Strength,"['Shoulders', 'Chest']",['none (bodyweight exercise)']
4aaf5a04-d5a4-49a6-87fd-f557300060b1,Cable Tricep Kickback,arms,,beginner,5.0,,1,0,1509,8,,2025-09-19 00:55:32,2025-09-19 00:57:54,Strength,['Triceps'],['none']
24ba73a7-ad8d-4eac-ac65-d21e8cdf852f,JALONES PECHO NEUTRO,back,,beginner,5.0,,1,0,1136,12,,2025-09-19 00:55:32,2025-09-19 00:57:54,Strength,"['Biceps', 'Lats', 'Serratus anterior']",['none']
9163df2c-c8c1-42e8-a2c7-349929a1604b,Side Crunch,abs,,beginner,5.0,,1,0,576,10,,2025-09-19 00:55:32,2025-09-19 00:57:54,Strength,"['Obliquus externus abdominis', 'Abs']",['Gym mat']
fce1a512-5dfb-446a-be31-9f4c16d6fdcd,Sitting Calf Raises,legs,,beginner,5.0,,1,0,1494,9,,2025-09-19 00:55:32,2025-09-19 00:57:54,Strength,['Calves'],['none']
6ed5990e-ba2f-4685-aa61-294b1a4bf138,kettlebell sumo deadlift,legs,,beginner,5.0,,1,0,1612,9,,2025-09-19 00:55:32,2025-09-19 00:57:54,Strength,"['Hamstrings', 'Glutes', 'Quads']",['Kettlebell']
c93ec879-4afc-439d-ac4f-dc5ee394015d,Ab wheel,abs,,beginner,5.0,,1,0,1573,10,,2025-09-19 00:55:32,2025-09-19 00:57:54,Strength,"['Abs', 'Obliquus externus abdominis', 'Serratus anterior']",['none (bodyweight exercise)']
36e60cbb-31aa-4b35-9baa-3c75908988ec,Front Plank,abs,,beginner,5.0,,1,0,1307,10,,2025-09-19 00:55:32,2025-09-19 00:57:54,Strength,"['Abs', 'Obliquus externus abdominis', 'Chest', 'Quads', 'Serratus anterior']",['none (bodyweight exercise)']
290b2bba-f505-4db5-abdb-2f51c7a76123,Estiramiento de piernas y cadera,legs,,beginner,5.0,,1,0,1589,9,,2025-09-19 00:55:32,2025-09-19 00:57:54,Strength,"['Hamstrings', 'Glutes', 'Quads', 'Lats']",['none (bodyweight exercise)']
2b742fde-8413-4e40-9983-b233048024d4,T-Bar row,back,,beginner,5.0,,1,0,919,12,,2025-09-19 00:55:32,2025-09-19 00:57:54,Strength,"['Lats', 'Trapezius']",['Barbell']
b01588c1-55c2-40b4-9433-b726cd7fe07a,Bayesian Curl,arms,,beginner,5.0,,1,0,1493,8,,2025-09-19 00:55:32,2025-09-19 00:57:54,Strength,['Biceps'],['none']
35acd6e3-9aee-4478-aa57-bc767e814ec3,Pullover,back,,beginner,5.0,,1,0,1273,12,,2025-09-19 00:55:32,2025-09-19 00:57:54,Strength,"['Chest', 'Lats']",['Dumbbell']
5d1a40ae-1841-4708-b27e-7a2d65a20d69,box jumps,cardio,,beginner,5.0,,1,0,1373,15,,2025-09-19 00:55:32,2025-09-19 00:57:54,Cardio,"['Glutes', 'Calves']",['none (bodyweight exercise)']
31a41e3a-9d07-4095-963a-8db8a79abc02,Side Bends on Machine,abs,,beginner,5.0,,1,0,556,10,,2025-09-19 00:55:32,2025-09-19 00:57:54,Strength,"['Obliquus externus abdominis', 'Abs']",['Dumbbell']
2f7c0eff-b74c-469e-a843-2a791924cb1c,Wall-sit,legs,,beginner,5.0,,1,0,1408,9,,2025-09-19 00:55:32,2025-09-19 00:57:54,Strength,"['Glutes', 'Quads', 'Calves', 'Abs']",['none']
e00862dd-3f54-48a5-a757-ba7146690a94,Pull-ups,back,,beginner,5.0,,1,0,475,12,,2025-09-19 00:55:32,2025-09-19 00:57:54,Strength,"['Lats', 'Shoulders', 'Biceps', 'Trapezius']",['Pull-up bar']
c0511c34-bae4-4d65-98e2-a7c7f48c509f,Black Widow Knee Slides,abs,,beginner,5.0,,1,0,1475,10,,2025-09-19 00:55:32,2025-09-19 00:57:54,Strength,"['Obliquus externus abdominis', 'Abs']",['none']
1d52dd0c-5e26-453e-88a8-54c356ee50ed,Reverse Wood Chops,back,,beginner,5.0,,1,0,1433,12,,2025-09-19 00:55:32,2025-09-19 00:57:54,Strength,"['Glutes', 'Lats', 'Shoulders', 'Biceps', 'Obliquus externus abdominis', 'Quads', 'Abs']",['none (bodyweight exercise)']
8cc07667-4d0b-4592-8a6d-5350b7dde76b,Handstand Pushup,shoulders,,beginner,5.0,,1,0,282,13,,2025-09-19 00:55:32,2025-09-19 00:57:54,Strength,"['Trapezius', 'Triceps']",['none (bodyweight exercise)']
f20688c6-47a8-47a1-b006-0714b62e2d34,Sliding Lateral Lunge,legs,,beginner,5.0,,1,0,1604,9,,2025-09-19 00:55:32,2025-09-19 00:57:54,Strength,"['Hamstrings', 'Glutes', 'Quads', 'Calves', 'Obliquus externus abdominis']",['Barbell']
0e2bf0e0-94c1-4b06-bfa9-fb042272713e,Crunches With Cable,abs,,beginner,5.0,,1,0,173,10,,2025-09-19 00:55:32,2025-09-19 00:57:54,Strength,['Abs'],['none']
12225819-ae50-45ce-bcb5-120abb3602c0,Smith Machine Split Squat,legs,,beginner,5.0,,1,0,1594,9,,2025-09-19 00:55:32,2025-09-19 00:57:54,Strength,"['Hamstrings', 'Quads']",['Barbell']
3720a09a-8944-4d06-8fe7-cb1c13b80740,Cross-Bench Dumbbell Pullovers,chest,,beginner,5.0,,1,0,161,11,,2025-09-19 00:55:32,2025-09-19 00:57:54,Strength,"['Lats', 'Chest', 'Serratus anterior']",['Dumbbell']
240ae2bb-2a30-4ffe-b0b4-a0b62645613f,Front Squats,legs,,beginner,5.0,,1,0,257,9,,2025-09-19 00:55:32,2025-09-19 00:57:54,Strength,"['Glutes', 'Abs']",['Barbell']
1beece7c-a942-4471-9da3-7c1e3c84d51a,Standing Side Crunches,abs,,beginner,5.0,,1,0,1426,10,,2025-09-19 00:55:32,2025-09-19 00:57:54,Strength,"['Obliquus externus abdominis', 'Abs']",['none (bodyweight exercise)']
e6973988-85ff-4891-a1aa-b97ebf90a529,Rocking Triceps Pushdown,arms,,beginner,5.0,,1,0,1485,8,,2025-09-19 00:55:32,2025-09-19 00:57:54,Strength,['Triceps'],['SZ-Bar']
ce308da3-447a-4e8f-997f-50a2879322c6,Triceps Dips (Assisted),arms,,beginner,5.0,,1,0,1372,8,,2025-09-19 00:55:32,2025-09-19 00:57:54,Strength,"['Triceps', 'Chest']",['none']
cfed07c5-a2f7-49bf-a137-ac092f3ad52a,Sumo Squats,legs,,beginner,5.0,,1,0,632,9,,2025-09-19 00:55:32,2025-09-19 00:57:54,Strength,"['Glutes', 'Quads']",['none (bodyweight exercise)']
afd43888-dc9a-49ac-b1e0-4f84f7421b14,Incline Chest Press DB,chest,,beginner,5.0,,1,0,1444,11,,2025-09-19 00:55:32,2025-09-19 00:57:54,Strength,"['Chest', 'Triceps']",['Dumbbell']
576efe24-cbda-4edc-b1da-db2672cf7562,Seated Dumbbell Curls,arms,,beginner,5.0,,1,0,1289,8,,2025-09-19 00:55:32,2025-09-19 00:57:54,Strength,"['Biceps', 'Brachialis']",['Dumbbell']
eb3a5058-cedf-41a7-8ccd-27a68f3a6091,Vpushup,abs,,beginner,5.0,,1,0,1090,10,,2025-09-19 00:55:32,2025-09-19 00:57:54,Strength,"['Chest', 'Quads', 'Abs', 'Triceps']",['none (bodyweight exercise)']
65019d19-6dff-430d-a171-e6f9fb9f4f56,Dumbbell Crunches,abs,,beginner,5.0,,1,0,1415,10,,2025-09-19 00:55:32,2025-09-19 00:57:54,Strength,"['Abs', 'Obliquus externus abdominis']",['Dumbbell']
cb6079f2-2a97-49ad-b5a5-3668a76d4304,"Lateral Rows on Cable, One Armed",shoulders,,beginner,5.0,,1,0,349,13,,2025-09-19 00:55:32,2025-09-19 00:57:54,Strength,['Shoulders'],['none']
81d175f8-b9fc-4678-9d19-3781cfa9d7d9,Overhead Triceps Extension,arms,,beginner,5.0,,1,0,1519,8,,2025-09-19 00:55:32,2025-09-19 00:57:54,Strength,['Trapezius'],['SZ-Bar']
fa6d6780-5ae5-4223-9582-3db39bbb5a89,Reverse EZ Bar Cable Curls,arms,,beginner,5.0,,1,0,914,8,,2025-09-19 00:55:32,2025-09-19 00:57:54,Strength,['Biceps'],['SZ-Bar']
f00114cc-ab7c-42db-88ec-fedca1db9d5c,Bear Walk,chest,,beginner,5.0,,1,0,57,11,,2025-09-19 00:55:32,2025-09-19 00:57:54,Strength,"['Shoulders', 'Calves', 'Chest', 'Abs', 'Serratus anterior', 'Soleus', 'Triceps', 'Glutes', 'Lats', 'Obliquus externus abdominis', 'Quads', 'Trapezius']",['none (bodyweight exercise)']
96902995-69dd-469c-bf95-bd92f16884e1,Lying Leg Raise,abs,,beginner,5.0,,1,0,1313,10,,2025-09-19 00:55:32,2025-09-19 00:57:54,Strength,"['Abs', 'Obliquus externus abdominis']",['none (bodyweight exercise)']
2ba21b6a-c5a2-478b-8959-5aa6b680b7f3,Neutral Grip Lat Pulldown,back,,beginner,5.0,,1,0,1510,12,,2025-09-19 00:55:32,2025-09-19 00:57:54,Strength,['Lats'],['none']
a61f0930-45bf-4cb7-860f-0c468bb1e97e,Row,back,,beginner,5.0,,1,0,508,12,,2025-09-19 00:55:32,2025-09-19 00:57:54,Strength,"['Lats', 'Trapezius', 'Quads']","['Barbell', 'Dumbbell', 'Pull-up bar']"
fc312924-8a19-48a5-9cfa-23445a46c83e,Trx Single Arm Bicep Curl,arms,,beginner,5.0,,1,0,1262,8,,2025-09-19 00:55:32,2025-09-19 00:57:54,Strength,"['Biceps', 'Brachialis', 'Shoulders', 'Trapezius']",['none']
149a934c-a15c-4b1a-adc8-503987f28b72,Alternative DB Gorilla rows,back,,beginner,5.0,,1,0,1501,12,,2025-09-19 00:55:32,2025-09-19 00:57:54,Strength,['Lats'],['Dumbbell']
41d4b78e-7020-4d62-a208-cb5326d5173e,PALLOF PRESS,abs,,beginner,5.0,,1,0,1194,10,,2025-09-19 00:55:32,2025-09-19 00:57:54,Strength,"['Shoulders', 'Glutes', 'Obliquus externus abdominis', 'Abs', 'Serratus anterior', 'Trapezius', 'Chest', 'Triceps']",['none']
ed05b589-c8d1-45f8-a14c-21008d30c0e2,Kettlebell Swings,legs,,beginner,5.0,,1,0,331,9,,2025-09-19 00:55:32,2025-09-19 00:57:54,Strength,"['Glutes', 'Hamstrings']",['Kettlebell']
3e2c4e95-5a1a-4df4-8269-6b19e43f5057,Hip hinge,legs,,beginner,5.0,,1,0,1578,9,,2025-09-19 00:55:32,2025-09-19 00:57:54,Strength,"['Hamstrings', 'Glutes', 'Calves', 'Quads', 'Abs']",['Barbell']
0d548a52-3227-496a-a563-a97256011513,Back extensión,back,,beginner,5.0,,1,0,1143,12,,2025-09-19 00:55:32,2025-09-19 00:57:54,Strength,"['Lats', 'Serratus anterior']",['none']
8b630abe-4064-4596-95ce-6b2cd127f1dc,Dumbbell Underhand Dead Row,arms,,beginner,5.0,,1,0,1463,8,,2025-09-19 00:55:32,2025-09-19 00:57:54,Strength,"['Biceps', 'Lats']",['Dumbbell']
1217f544-e15b-4bab-ba4b-a78c415e3283,Snach,shoulders,,beginner,5.0,,1,0,599,13,,2025-09-19 00:55:32,2025-09-19 00:57:54,Strength,['Shoulders'],['Barbell']
f65fd477-acff-4ca2-9806-832555f90773,Reverse Preacher Curl (Close Grip),arms,,beginner,5.0,,1,0,913,8,,2025-09-19 00:55:32,2025-09-19 00:57:54,Strength,['Biceps'],['SZ-Bar']
d80d7649-b3ea-4a14-a9c7-1df362f7e3a9,Snap Down,legs,,beginner,5.0,,1,0,1576,9,,2025-09-19 00:55:32,2025-09-19 00:57:54,Strength,"['Hamstrings', 'Glutes', 'Quads', 'Calves', 'Abs']",['none']
d8022b3c-4177-4eae-a50f-aba469af4391,Floor Skull Crusher,arms,,beginner,5.0,,1,0,1468,8,,2025-09-19 00:55:32,2025-09-19 00:57:54,Strength,['Triceps'],['SZ-Bar']
7bdc9d51-0180-4360-9d20-9dc07745a285,Reach ups,abs,,beginner,5.0,,1,0,1287,10,,2025-09-19 00:55:32,2025-09-19 00:57:54,Strength,"['Obliquus externus abdominis', 'Abs']",['none (bodyweight exercise)']
fd4b4cda-f8a5-4d16-9b70-3077b07656f7,Leg Curls (sitting),legs,,beginner,5.0,,1,0,366,9,,2025-09-19 00:55:32,2025-09-19 00:57:54,Strength,['Hamstrings'],['none']
15f606c2-33b9-4688-89cf-c68e11b8ae90,Pause Hack Squats,legs,,beginner,5.0,,1,0,1464,9,,2025-09-19 00:55:32,2025-09-19 00:57:54,Strength,"['Quads', 'Hamstrings', 'Calves', 'Glutes']",['none']
333e4dfe-4bf2-4c86-b600-d553923d3c00,Alternating High Cable Row,back,,beginner,5.0,,1,0,1486,12,,2025-09-19 00:55:32,2025-09-19 00:57:54,Strength,['Lats'],['none']
f27ec7b6-ba27-4477-83cb-0b0c8fd60361,No Leg Drive Dumbbell Chest Press,chest,,beginner,5.0,,1,0,1461,11,,2025-09-19 00:55:32,2025-09-19 00:57:54,Strength,"['Chest', 'Shoulders', 'Triceps']","['Bench', 'Dumbbell']"
5c023fde-642e-44aa-bb17-e2a85903ce13,Biceps Curls With Barbell,arms,,beginner,5.0,,1,0,91,8,,2025-09-19 00:55:32,2025-09-19 00:57:54,Strength,"['Biceps', 'Brachialis']",['Barbell']
ef70f2da-427f-4903-9d8a-6601e4918e5d,Dumbbell Hip Thrust,legs,,beginner,5.0,,1,0,1614,9,,2025-09-19 00:55:32,2025-09-19 00:57:54,Strength,['Glutes'],['Bench']
44668629-8c57-4367-840b-6debaf1da640,Ball Slams,cardio,,beginner,5.0,,1,0,1525,15,,2025-09-19 00:55:32,2025-09-19 00:57:54,Cardio,"['Lats', 'Obliquus externus abdominis', 'Abs', 'Shoulders', 'Glutes']",['none']
3c8f8f80-ba27-495f-8211-896007a56e9d,Standing biceps stretch left,arms,,beginner,5.0,,1,0,1232,8,,2025-09-19 00:55:32,2025-09-19 00:57:54,Strength,"['Shoulders', 'Biceps', 'Chest']",['none (bodyweight exercise)']
4d56812a-4d10-4040-bfce-50fa921b3533,Standing Calf Stretch,legs,,beginner,5.0,,1,0,1239,9,,2025-09-19 00:55:32,2025-09-19 00:57:54,Strength,['Calves'],['none (bodyweight exercise)']
e0fe2da1-c249-4dd0-9691-f9941447b91d,Arm Raises (T/Y/I),arms,,beginner,5.0,,1,0,1606,8,,2025-09-19 00:55:32,2025-09-19 00:57:54,Strength,"['Shoulders', 'Lats', 'Serratus anterior', 'Trapezius', 'Obliquus externus abdominis']",['none (bodyweight exercise)']
d7d0f6ec-e2df-4a57-abb2-d3a10d352289,Bodyweight Squat HD,cardio,,beginner,5.0,,1,0,1312,15,,2025-09-19 00:55:32,2025-09-19 00:57:54,Cardio,"['Quads', 'Calves', 'Glutes', 'Obliquus externus abdominis', 'Abs', 'Soleus']",['none (bodyweight exercise)']
d1858f7c-0138-4c0b-ade1-66ff2e5da78d,Omni Cable Cross-over,chest,,beginner,5.0,,1,0,1484,11,,2025-09-19 00:55:32,2025-09-19 00:57:54,Strength,['Chest'],['SZ-Bar']
ddb277ff-a6f6-42b3-8f8d-d8a80a846bac,Crunch en maquina,abs,,beginner,5.0,,1,0,1617,10,,2025-09-19 00:55:32,2025-09-19 00:57:54,Strength,"['Obliquus externus abdominis', 'Abs']",['Bench']
2195e2b2-4b60-4b1e-8573-37cb064a0931,commando pull-ups,abs,,beginner,5.0,,1,0,980,10,,2025-09-19 00:55:32,2025-09-19 00:57:54,Strength,"['Shoulders', 'Biceps', 'Lats', 'Trapezius']",['Pull-up bar']
8c3d81aa-a28b-489b-9d2c-3c5958c34f5b,Dragon squat,legs,,beginner,5.0,,1,0,1201,9,,2025-09-19 00:55:32,2025-09-19 00:57:54,Strength,"['Quads', 'Hamstrings', 'Calves', 'Glutes']",['none (bodyweight exercise)']
486a0a18-87f3-483a-93c6-7b221e983d93,Jumping Jack HD,cardio,,beginner,5.0,,1,0,1314,15,,2025-09-19 00:55:32,2025-09-19 00:57:54,Cardio,"['Quads', 'Glutes', 'Obliquus externus abdominis', 'Abs']",['none (bodyweight exercise)']
58e51e12-cf0e-4a80-83dc-0c53b6ac98bb,Wall Drills,legs,,beginner,5.0,,1,0,1196,9,,2025-09-19 00:55:32,2025-09-19 00:57:54,Strength,"['Quads', 'Calves']",['none (bodyweight exercise)']
ea7fa73b-45fc-47ad-9e02-640d0d4c181c,Push-Up,chest,,beginner,5.0,,1,0,1551,11,,2025-09-19 00:55:32,2025-09-19 00:57:54,Strength,"['Chest', 'Shoulders', 'Abs', 'Triceps']",['none (bodyweight exercise)']
be193c48-9ab1-428b-9b32-8024e9253076,Dumbbell Scaption,shoulders,,beginner,5.0,,1,0,1602,13,,2025-09-19 00:55:32,2025-09-19 00:57:54,Strength,"['Trapezius', 'Shoulders']",['Dumbbell']
ca7c5043-8885-4208-8ec8-16c8b946bc79,Dumbbell Chest Press,chest,,beginner,5.0,,1,0,1278,11,,2025-09-19 00:55:32,2025-09-19 00:57:54,Strength,"['Chest', 'Shoulders', 'Triceps']",['none']
d74d009c-8703-48cd-ab54-43893be673f8,Cable Rear Delt Fly,shoulders,,beginner,5.0,,1,0,822,13,,2025-09-19 00:55:32,2025-09-19 00:57:54,Strength,"['Shoulders', 'Trapezius', 'Triceps']",['none']
1cc48224-aab9-4ab3-b0bc-bff296d51c2b,V-BAR PULL DOWNS,back,,beginner,5.0,,1,0,920,12,,2025-09-19 00:55:32,2025-09-19 00:57:54,Strength,['Lats'],['none']
10a8a17f-bdb5-466c-b70a-a9cc9f1bafe0,High Knee Jumps,cardio,,beginner,5.0,,1,0,285,15,,2025-09-19 00:55:32,2025-09-19 00:57:54,Cardio,"['Hamstrings', 'Calves', 'Quads', 'Soleus', 'Obliquus externus abdominis', 'Abs', 'Serratus anterior']",['none']
b82a1028-109c-494f-93ea-4fee2a1a1256,Barbell Triceps Extension,arms,,beginner,5.0,,1,0,50,8,,2025-09-19 00:55:32,2025-09-19 00:57:54,Strength,"['Triceps', 'Shoulders', 'Chest']",['Barbell']
593d0e82-c95c-4e39-9184-7f19cbc4eba0,Triceps Machine,arms,,beginner,5.0,,1,0,661,8,,2025-09-19 00:55:32,2025-09-19 00:57:54,Strength,['Triceps'],['none']
b053ef35-7099-4b87-8a90-ab8395aac6a8,"Rowing seated, narrow grip",back,,beginner,5.0,,1,0,512,12,,2025-09-19 00:55:32,2025-09-19 00:57:54,Strength,['Lats'],['none']
d74376dc-c353-446c-9d85-6fe6d55a1385,Crunches HD,abs,,beginner,5.0,,1,0,1319,10,,2025-09-19 00:55:32,2025-09-19 00:57:54,Strength,"['Obliquus externus abdominis', 'Abs']",['none (bodyweight exercise)']
6cccd289-d068-4451-904b-44e48c7fbf60,TRX Tricep Extension,arms,,beginner,5.0,,1,0,1266,8,,2025-09-19 00:55:32,2025-09-19 00:57:54,Strength,['Triceps'],['none']
4de1d4c4-51e0-45c0-a93a-897ec758ff74,Walking,cardio,,beginner,5.0,,1,0,1104,15,,2025-09-19 00:55:32,2025-09-19 00:57:54,Cardio,"['Hamstrings', 'Calves', 'Glutes', 'Lats', 'Obliquus externus abdominis', 'Quads', 'Abs']",['none (bodyweight exercise)']
432ffccc-f260-46dc-be91-566696ff1675,Plank,abs,,beginner,5.0,,1,0,458,10,,2025-09-19 00:55:32,2025-09-19 00:57:54,Strength,"['Obliquus externus abdominis', 'Abs', 'Biceps', 'Quads', 'Triceps']",['none (bodyweight exercise)']
c076d061-7361-49a9-9445-6616540e96c7,Bird Dog,abs,,beginner,5.0,,1,0,1572,10,,2025-09-19 00:55:32,2025-09-19 00:57:54,Strength,"['Abs', 'Shoulders', 'Glutes']",['none (bodyweight exercise)']
ee80aad2-d0da-4a22-b2b7-835aa94da555,Leg curl with elastic,calves,,beginner,5.0,,1,0,1603,14,,2025-09-19 00:55:32,2025-09-19 00:57:54,Flexibility,"['Calves', 'Hamstrings']",['Resistance band']
f96f5f58-6b6d-4462-93fa-9ce07d171a14,Skullcrusher SZ-bar,arms,,beginner,5.0,,1,0,246,8,,2025-09-19 00:55:32,2025-09-19 00:57:54,Strength,['Triceps'],"['Bench', 'SZ-Bar']"
0ebc90fe-07c2-4238-aa8e-5d9b180488b6,Benchpress Dumbbells,chest,,beginner,5.0,,1,0,75,11,,2025-09-19 00:55:32,2025-09-19 00:57:54,Strength,"['Chest', 'Shoulders', 'Triceps']","['Bench', 'Dumbbell']"
0c9a6220-dee8-4ff5-a849-8773053e005f,Knee to Chest Stretch,legs,,beginner,5.0,,1,0,1452,9,,2025-09-19 00:55:32,2025-09-19 00:57:54,Strength,"['Glutes', 'Hamstrings']",['none (bodyweight exercise)']
1ec00490-975d-49fb-ae31-bc2fc17a60fa,Curl de biceps con agarre prono,arms,,beginner,5.0,,1,0,1190,8,,2025-09-19 00:55:32,2025-09-19 00:57:54,Strength,['Biceps'],['Dumbbell']
b15d82a9-6411-4729-a82d-8185196e19e2,Incline Bench Press - Barbell,chest,,beginner,5.0,,1,0,538,11,,2025-09-19 00:55:32,2025-09-19 00:57:54,Strength,"['Chest', 'Shoulders', 'Triceps']","['Barbell', 'Incline bench']"
357ccba7-6990-4768-a795-8643f43dea5d,Skipping - Standard,cardio,,beginner,5.0,,1,0,595,15,,2025-09-19 00:55:32,2025-09-19 00:57:54,Cardio,['Calves'],['none']
16f71479-cfaf-4e1d-880c-21e8474ff5a5,Side Plank,abs,,beginner,5.0,,1,0,1321,10,,2025-09-19 00:55:32,2025-09-19 00:57:54,Strength,"['Obliquus externus abdominis', 'Biceps', 'Triceps']",['none (bodyweight exercise)']
31dcd234-7a26-4ec1-a13f-f46b86fde39b,Reverse Nordic Curl,legs,,beginner,5.0,,1,0,909,9,,2025-09-19 00:55:32,2025-09-19 00:57:54,Strength,"['Quads', 'Glutes', 'Abs']",['none']
65f3ee34-248e-48af-a902-1fd045fd3512,Cable External Rotation,shoulders,,beginner,5.0,,1,0,142,13,,2025-09-19 00:55:32,2025-09-19 00:57:54,Strength,['Shoulders'],['none']
730321ac-7114-4ddf-a518-1d3619c7bdb6,Cable Fly,chest,,beginner,5.0,,1,0,924,11,,2025-09-19 00:55:32,2025-09-19 00:57:54,Strength,['Chest'],['none']
afb762a3-74a6-4a89-bcb2-dff6322ff83d,Lat Pull Down (Straight Back),back,,beginner,5.0,,1,0,355,12,,2025-09-19 00:55:32,2025-09-19 00:57:54,Strength,['Lats'],['none']
09a29f0f-e234-4fb7-adc5-02efa6433311,Upper Back,back,,beginner,5.0,,1,0,1381,12,,2025-09-19 00:55:32,2025-09-19 00:57:54,Strength,"['Shoulders', 'Trapezius', 'Biceps', 'Lats']",['none']
6ea71364-e1b1-4811-a348-9a063bf5ec46,Facepull,shoulders,,beginner,5.0,,1,0,222,13,,2025-09-19 00:55:32,2025-09-19 00:57:54,Strength,['Trapezius'],['none']
19d8fc0e-54df-4e82-a8f5-168d6675db31,Bodyweight lunge HD,legs,,beginner,5.0,,1,0,1324,9,,2025-09-19 00:55:32,2025-09-19 00:57:54,Strength,"['Quads', 'Glutes', 'Soleus']",['none (bodyweight exercise)']
5c78c85b-a072-434e-bbaf-d8b212146459,ClimbMill,cardio,,beginner,5.0,,1,0,1449,15,,2025-09-19 00:55:32,2025-09-19 00:57:54,Cardio,"['Quads', 'Hamstrings', 'Glutes']",['none']
8302a04b-73ec-4b9e-8a66-0dcd83239562,Seated rear delt rise,back,,beginner,5.0,,1,0,1098,12,,2025-09-19 00:55:32,2025-09-19 00:57:54,Strength,['Lats'],['Dumbbell']
2ff90a05-7b93-4181-bad9-0458e7db83d6,Scapula Pulls,back,,beginner,5.0,,1,0,1435,12,,2025-09-19 00:55:32,2025-09-19 00:57:54,Strength,"['Lats', 'Trapezius']",['Pull-up bar']
08db3105-5cc6-4db9-ba48-f90219e0b796,Lateral Push Off,legs,,beginner,5.0,,1,0,1325,9,,2025-09-19 00:55:32,2025-09-19 00:57:54,Strength,"['Calves', 'Hamstrings']",['none (bodyweight exercise)']
ed4b6dc8-bde0-4a54-a985-debdaa3348ab,SEATED CABLE MID TRAP SHRUG,back,,beginner,5.0,,1,0,922,12,,2025-09-19 00:55:32,2025-09-19 00:57:54,Strength,['Lats'],['none']
6b139c92-7105-4312-be05-adfe9e7525d1,Decline Bench Press Dumbbell,chest,,beginner,5.0,,1,0,186,11,,2025-09-19 00:55:32,2025-09-19 00:57:54,Strength,['Chest'],['Dumbbell']
cb8fd1e1-6de2-4973-bc75-17d8a046dc28,Cable Press Around,chest,,beginner,5.0,,1,0,1457,11,,2025-09-19 00:55:32,2025-09-19 00:57:54,Strength,"['Shoulders', 'Chest', 'Triceps', 'Biceps', 'Serratus anterior']",['none']
ff59836c-a77a-412a-bbd7-2feae3937b0a,Stair Master,cardio,,beginner,5.0,,1,0,1548,15,,2025-09-19 00:55:32,2025-09-19 00:57:54,Cardio,"['Hamstrings', 'Calves', 'Glutes', 'Quads']",['none (bodyweight exercise)']
60c89b6b-4500-45c0-b39d-afded187a93b,Ring Dips,arms,,beginner,5.0,,1,0,501,8,,2025-09-19 00:55:32,2025-09-19 00:57:54,Strength,['Triceps'],['none']
7c8fd3b9-7f95-4db1-93fe-6c710421d74a,Seated Knee Tuck,abs,,beginner,5.0,,1,0,1105,10,,2025-09-19 00:55:32,2025-09-19 00:57:54,Strength,"['Abs', 'Obliquus externus abdominis']",['none (bodyweight exercise)']
318b45ad-f7c0-4983-9914-1b74d5d44fa1,Cycling,cardio,,beginner,5.0,,1,0,177,15,,2025-09-19 00:55:32,2025-09-19 00:57:54,Cardio,"['Obliquus externus abdominis', 'Trapezius', 'Hamstrings', 'Brachialis', 'Glutes', 'Lats', 'Quads']",['none (bodyweight exercise)']
86ea3099-f9d9-4357-9aa1-0a5427f6fb0c,Scissors,abs,,beginner,5.0,,1,0,545,10,,2025-09-19 00:55:32,2025-09-19 00:57:54,Strength,['Abs'],['none']
87470ee9-b98c-488c-b6b6-36d06b09090c,Box Squat,abs,,beginner,5.0,,1,0,977,10,,2025-09-19 00:55:32,2025-09-19 00:57:54,Strength,"['Glutes', 'Quads', 'Soleus']",['none (bodyweight exercise)']
a6039c46-4d8e-4444-95af-3167e5dec4e9,Triceps stretch right,arms,,beginner,5.0,,1,0,1231,8,,2025-09-19 00:55:32,2025-09-19 00:57:54,Strength,['Triceps'],['none (bodyweight exercise)']
abd0d72f-af4a-4d98-980e-1f8adadc7a17,Incline Dumbbell Bench Press,chest,,beginner,5.0,,1,0,1276,11,,2025-09-19 00:55:32,2025-09-19 00:57:54,Strength,"['Chest', 'Shoulders']",['Dumbbell']
add6820e-fc90-40ee-a42e-bb537b20028e,Cable Woodchoppers,abs,,beginner,5.0,,1,0,145,10,,2025-09-19 00:55:32,2025-09-19 00:57:54,Strength,['Obliquus externus abdominis'],['none']
3ad63118-aead-4ab3-ad59-95b38b666a50,Stair Master,cardio,,beginner,5.0,,1,0,1549,15,,2025-09-19 00:55:32,2025-09-19 00:57:54,Cardio,"['Hamstrings', 'Calves', 'Glutes', 'Quads']",['none (bodyweight exercise)']
6f7221af-6a43-4702-8d51-2ef8983b6373,W-Raise,abs,,beginner,5.0,,1,0,1474,10,,2025-09-19 00:55:32,2025-09-19 00:57:54,Strength,"['Obliquus externus abdominis', 'Abs']",['none (bodyweight exercise)']
efb69c91-08f6-48fa-b49a-6a29da30db84,Wall Squat,legs,,beginner,5.0,,1,0,718,9,,2025-09-19 00:55:32,2025-09-19 00:57:54,Strength,"['Hamstrings', 'Quads']",['none (bodyweight exercise)']
dda4adec-2c48-45f2-9521-56f70530e66a,Patada de burro con mancuerna,legs,,beginner,5.0,,1,0,1616,9,,2025-09-19 00:55:32,2025-09-19 00:57:54,Strength,"['Hamstrings', 'Glutes']",['Dumbbell']
8223726f-87f3-4998-a16a-ef9b0ab39792,rubber band glute kickback,legs,,beginner,5.0,,1,0,1613,9,,2025-09-19 00:55:32,2025-09-19 00:57:54,Strength,['Glutes'],['Resistance band']
a8e7a838-a723-4b04-aef4-f74be7867a73,Pin OHP,shoulders,,beginner,5.0,,1,0,1439,13,,2025-09-19 00:55:32,2025-09-19 00:57:54,Strength,"['Shoulders', 'Triceps']",['Barbell']
5ad5cfff-2a8c-4a5e-b163-a6e443193a75,Hip Thrust,legs,,beginner,5.0,,1,0,294,9,,2025-09-19 00:55:32,2025-09-19 00:57:54,Strength,['Glutes'],"['Barbell', 'Bench']"
3ee2b718-fece-4be9-b381-4ff6cca2d135,Single Leg RDL,legs,,beginner,5.0,,1,0,1388,9,,2025-09-19 00:55:32,2025-09-19 00:57:54,Strength,"['Hamstrings', 'Glutes']",['none (bodyweight exercise)']
85ba9dff-7db8-4fc8-9045-655357c36f4a,Push-Ups | Decline,chest,,beginner,5.0,,1,0,1112,11,,2025-09-19 00:55:32,2025-09-19 00:57:54,Strength,"['Chest', 'Shoulders', 'Triceps']","['Bench', 'Incline bench']"
c37df62b-5d3a-408c-aa29-0f606ab73ef5,Bodyweight Squat HD,legs,,beginner,5.0,,1,0,1315,9,,2025-09-19 00:55:32,2025-09-19 00:57:54,Strength,"['Glutes', 'Quads', 'Soleus', 'Calves', 'Obliquus externus abdominis', 'Abs']",['none (bodyweight exercise)']
77d2ecfa-e384-4514-a6bc-d70f47871aea,Alternate back lunges,legs,,beginner,5.0,,1,0,1102,9,,2025-09-19 00:55:32,2025-09-19 00:57:54,Strength,"['Glutes', 'Quads']",['none (bodyweight exercise)']
96863f8c-4ca8-4968-a557-57a801b60e0b,Machine chest fly,chest,,beginner,5.0,,1,0,926,11,,2025-09-19 00:55:32,2025-09-19 00:57:54,Strength,['Chest'],['none']
8f6954c1-616a-4a03-b396-0172cfd3d4ad,Inverted Rows,chest,,beginner,5.0,,1,0,1198,11,,2025-09-19 00:55:32,2025-09-19 00:57:54,Strength,"['Biceps', 'Lats', 'Chest', 'Abs', 'Trapezius']",['none (bodyweight exercise)']
8729a8fb-544a-41e1-a08c-33c20ccbf329,Splinter Sit-ups,abs,,beginner,5.0,,1,0,607,10,,2025-09-19 00:55:32,2025-09-19 00:57:54,Strength,['Obliquus externus abdominis'],['none']
c7004c7a-e852-4d32-9218-f81f496916ad,Front pull wide,back,,beginner,5.0,,1,0,258,12,,2025-09-19 00:55:32,2025-09-19 00:57:54,Strength,"['Lats', 'Shoulders', 'Biceps', 'Brachialis']","['Barbell', 'SZ-Bar']"
18a7fd8a-702d-4a2d-a6dc-d55d30825315,"Leg Raises, Standing",abs,,beginner,5.0,,1,0,378,10,,2025-09-19 00:55:32,2025-09-19 00:57:54,Strength,"['Abs', 'Serratus anterior']",['none']
3a179652-637d-4f94-8ffa-387c8f609d49,Squats on Multipress,legs,,beginner,5.0,,1,0,341,9,,2025-09-19 00:55:32,2025-09-19 00:57:54,Strength,"['Quads', 'Glutes']",['none']
206b4e85-602b-4d93-9c44-9ee84c2d54a1,Larsen Press,chest,,beginner,5.0,,1,0,1546,11,,2025-09-19 00:55:32,2025-09-19 00:57:54,Strength,"['Chest', 'Triceps']",['Barbell']
5a5394df-38e7-4290-bb79-b133da2a083d,Bent Over Rowing Reverse,back,,beginner,5.0,,1,0,84,12,,2025-09-19 00:55:32,2025-09-19 00:57:54,Strength,"['Lats', 'Shoulders', 'Biceps']",['Barbell']
a45534d7-0013-4a04-8d99-8d51d33bee54,Side Slides + Squats,legs,,beginner,5.0,,1,0,1195,9,,2025-09-19 00:55:32,2025-09-19 00:57:54,Strength,"['Quads', 'Calves', 'Glutes']",['none (bodyweight exercise)']
4b3f8027-62e1-4eca-be6c-c462f3b07dfa,"Rowing, T-bar",back,,beginner,5.0,,1,0,513,12,,2025-09-19 00:55:32,2025-09-19 00:57:54,Strength,"['Lats', 'Shoulders', 'Biceps', 'Brachialis']",['none']
7835479f-5841-4933-8dcd-00cbf682a055,Sled Push,cardio,,beginner,5.0,,1,0,1523,15,,2025-09-19 00:55:32,2025-09-19 00:57:54,Cardio,"['Calves', 'Glutes', 'Quads', 'Shoulders', 'Hamstrings', 'Triceps']",['none']
9f4c6cf0-734b-48ac-a4ff-22f39fde1fd0,TRX Obliques,abs,,beginner,5.0,,1,0,1259,10,,2025-09-19 00:55:32,2025-09-19 00:57:54,Strength,"['Obliquus externus abdominis', 'Abs', 'Serratus anterior', 'Shoulders', 'Chest']",['none']
dd82637b-a195-4ba4-b328-acaea70826a1,Leverage Machine Chest Press,chest,,beginner,5.0,,1,0,379,11,,2025-09-19 00:55:32,2025-09-19 00:57:54,Strength,['Chest'],['none']
fd33c1b4-e55f-44f7-88b2-5dbc93c0c687,Jumping Jacks,legs,,beginner,5.0,,1,0,320,9,,2025-09-19 00:55:32,2025-09-19 00:57:54,Strength,['Quads'],['none']
15e4f7d3-4ee9-480f-8846-82722da46a50,Leg Press on Hackenschmidt Machine,legs,,beginner,5.0,,1,0,375,9,,2025-09-19 00:55:32,2025-09-19 00:57:54,Strength,['Quads'],['none']
e5e76562-6384-41be-88c4-0715324baf41,Cross-Body Cable Y-Raise,back,,beginner,5.0,,1,0,1458,12,,2025-09-19 00:55:32,2025-09-19 00:57:54,Strength,"['Shoulders', 'Lats', 'Trapezius']",['none']
5bddd3cd-a2e3-40c6-8cfa-2c7277309ae3,Medicine ball booklet crunch,abs,,beginner,5.0,,1,0,976,10,,2025-09-19 00:55:32,2025-09-19 00:57:54,Strength,['Abs'],['none (bodyweight exercise)']
a11a3047-f905-4d6e-9126-846b933a2fef,Exercise Band Plantarflexion,legs,,beginner,5.0,,1,0,1242,9,,2025-09-19 00:55:32,2025-09-19 00:57:54,Strength,"['Calves', 'Soleus']",['none (bodyweight exercise)']
42a6b363-2aa8-4c24-a3b4-4c6091de618c,Recumbent Bike,cardio,,beginner,5.0,,1,0,1376,15,,2025-09-19 00:55:32,2025-09-19 00:57:54,Cardio,"['Hamstrings', 'Calves', 'Glutes', 'Quads']",['none']
d5d53462-7891-4e8a-b282-5f471385802e,lying bicep curl,arms,,beginner,5.0,,1,0,1535,8,,2025-09-19 00:55:32,2025-09-19 00:57:54,Strength,['Biceps'],"['Bench', 'Dumbbell']"
03d9c86e-337f-4100-985c-e8ace7dc7e1b,Lateral Walk,back,,beginner,5.0,,1,0,1514,12,,2025-09-19 00:55:32,2025-09-19 00:57:54,Strength,['Glutes'],['none']
76125009-66a4-4649-b171-3adb1ec3a048,Talons fesses,cardio,,beginner,5.0,,1,0,1285,15,,2025-09-19 00:55:32,2025-09-19 00:57:54,Cardio,"['Calves', 'Hamstrings']",['none (bodyweight exercise)']
45910631-c3fe-459f-956e-ad809ed49a43,Schoulder Raise (Dumbbell),shoulders,,beginner,5.0,,1,0,1338,13,,2025-09-19 00:55:32,2025-09-19 00:57:54,Strength,['Shoulders'],['Dumbbell']
f0a6f8b0-ac39-4c3c-9184-69da65d660e8,Supine press,back,,beginner,5.0,,1,0,1583,12,,2025-09-19 00:55:32,2025-09-19 00:57:54,Strength,['Trapezius'],"['Barbell', 'Bench']"
f9d6dcbe-3035-4438-b32e-424b80f3bd19,Plate twist,abs,,beginner,5.0,,1,0,1079,10,,2025-09-19 00:55:32,2025-09-19 00:57:54,Strength,"['Obliquus externus abdominis', 'Abs']",['Gym mat']
b088a7fe-8ceb-4df2-97e2-14f4e91bba94,"Shoulder Press, Dumbbells",shoulders,,beginner,5.0,,1,0,567,13,,2025-09-19 00:55:32,2025-09-19 00:57:54,Strength,['Shoulders'],['Dumbbell']
38835464-7d00-47d7-b267-665c310647a8,Sumo Deadlift,legs,,beginner,5.0,,1,0,630,9,,2025-09-19 00:55:32,2025-09-19 00:57:54,Strength,['Quads'],['none']
8d03dd1d-ff3a-401a-af77-a20aa673a1e5,Jerk OL,shoulders,,beginner,5.0,,1,0,1445,13,,2025-09-19 00:55:32,2025-09-19 00:57:54,Strength,"['Shoulders', 'Glutes', 'Quads', 'Triceps']",['Barbell']
53c5fb4e-99ca-4ec5-8478-b4b8f1a7c409,Shrugs on Multipress,shoulders,,beginner,5.0,,1,0,575,13,,2025-09-19 00:55:32,2025-09-19 00:57:54,Strength,"['Shoulders', 'Triceps']",['none']
0efa3e7b-49af-46a5-b881-faa71d1f233d,Pullover Machine,back,,beginner,5.0,,1,0,1384,12,,2025-09-19 00:55:32,2025-09-19 00:57:54,Strength,"['Lats', 'Chest', 'Triceps']",['none']
4c0c19fd-fa6e-4936-ae7e-c887142cf5d9,High Row,back,,beginner,5.0,,1,0,1492,12,,2025-09-19 00:55:32,2025-09-19 00:57:54,Strength,['Lats'],['none']
8f26b78e-622b-45a7-ba3a-2ba640cc9a4b,Bizeps Curls Trifecta,arms,,beginner,5.0,,1,0,1483,8,,2025-09-19 00:55:32,2025-09-19 00:57:54,Strength,['Biceps'],['Dumbbell']
617f8aaa-609b-4032-a31c-11907b0c149b,Arabesque,legs,,beginner,5.0,,1,0,1141,9,,2025-09-19 00:55:32,2025-09-19 00:57:54,Strength,"['Hamstrings', 'Glutes']",['none (bodyweight exercise)']
47e751ea-daf6-4a7c-809a-bf2bd44f3930,Hamstring Chokes,legs,,beginner,5.0,,1,0,1398,9,,2025-09-19 00:55:32,2025-09-19 00:57:54,Strength,['Hamstrings'],['none (bodyweight exercise)']
acc0e813-86a4-41ff-a7db-c3972226092c,Triceps Extensions on Cable,arms,,beginner,5.0,,1,0,659,8,,2025-09-19 00:55:32,2025-09-19 00:57:54,Strength,['Triceps'],['none']
56ac8cc2-6c36-47b6-8ec4-812b41d94231,Snatch OL,back,,beginner,5.0,,1,0,1447,12,,2025-09-19 00:55:32,2025-09-19 00:57:54,Strength,"['Shoulders', 'Hamstrings', 'Glutes', 'Quads', 'Lats']",['Barbell']
3a584a61-095e-43d3-a33a-0cb3a9ffb55c,Seated Bench Press,chest,,beginner,5.0,,1,0,1094,11,,2025-09-19 00:55:32,2025-09-19 00:57:54,Strength,['Chest'],['Bench']
d6f7851b-e146-4718-89dd-20887bfa5c64,Single Arm Plank to Row,back,,beginner,5.0,,1,0,1022,12,,2025-09-19 00:55:32,2025-09-19 00:57:54,Strength,"['Shoulders', 'Biceps', 'Brachialis', 'Lats', 'Obliquus externus abdominis', 'Abs', 'Serratus anterior']",['Kettlebell']
0f65fe69-496a-4612-85c5-92a524f92759,Drag Pushdown,arms,,beginner,5.0,,1,0,1481,8,,2025-09-19 00:55:32,2025-09-19 00:57:54,Strength,['Triceps'],['SZ-Bar']
d37a0541-1ae0-47ba-957e-fe655286fc11,Lying Triceps Extensions,arms,,beginner,5.0,,1,0,1480,8,,2025-09-19 00:55:32,2025-09-19 00:57:54,Strength,['Triceps'],"['Barbell', 'Dumbbell']"
2a7e8435-b10f-40ee-9e92-362bd07ff472,Lying Triceps Kickback,arms,,beginner,5.0,,1,0,1490,8,,2025-09-19 00:55:32,2025-09-19 00:57:54,Strength,['Triceps'],"['Dumbbell', 'Incline bench']"
8c6e714e-9b5b-4c2e-b3ed-4cf37d21fa9c,Triceps Overhead (Dumbbell),arms,,beginner,5.0,,1,0,1336,8,,2025-09-19 00:55:32,2025-09-19 00:57:54,Strength,['Triceps'],['Dumbbell']
0ccf578b-63fb-42c7-a993-d62ed2f91d1e,Wall Slides,back,,beginner,5.0,,1,0,716,12,,2025-09-19 00:55:32,2025-09-19 00:57:54,Strength,"['Biceps', 'Hamstrings', 'Chest', 'Trapezius', 'Triceps']",['none (bodyweight exercise)']
2227d9ac-7db0-457c-b746-fed760d6e564,"Shoulder Press, on Machine",shoulders,,beginner,5.0,,1,0,543,13,,2025-09-19 00:55:32,2025-09-19 00:57:54,Strength,"['Shoulders', 'Triceps']",['none']
98a65fe5-ffcc-4ab0-bf9d-f67a30e49b7f,Reverse Cable Flye,back,,beginner,5.0,,1,0,1473,12,,2025-09-19 00:55:32,2025-09-19 00:57:54,Strength,"['Shoulders', 'Trapezius']",['none']
c231baad-81b9-40f1-b39c-aa09f32de245,"Shoulder Press, Barbell",shoulders,,beginner,5.0,,1,0,566,13,,2025-09-19 00:55:32,2025-09-19 00:57:54,Strength,['Shoulders'],['Barbell']
16a7615d-a073-44dc-a17e-c880e7be105a,Push OHP,shoulders,,beginner,5.0,,1,0,1440,13,,2025-09-19 00:55:32,2025-09-19 00:57:54,Strength,"['Shoulders', 'Glutes', 'Quads', 'Triceps']",['Barbell']
81f1e2aa-12ff-4a3d-be76-53347656d0e3,Biceps Curl With Cable,arms,,beginner,5.0,,1,0,95,8,,2025-09-19 00:55:32,2025-09-19 00:57:54,Strength,['Biceps'],['none']
4d977414-9f7b-4be6-b196-e589875f22fd,Overhead Press,chest,,beginner,5.0,,1,0,687,11,,2025-09-19 00:55:32,2025-09-19 00:57:54,Strength,['Shoulders'],['Barbell']
816edb67-5c7c-472e-a050-4989d0b8876d,Lat Pull DB,back,,beginner,5.0,,1,0,1434,12,,2025-09-19 00:55:32,2025-09-19 00:57:54,Strength,"['Lats', 'Glutes']",['Dumbbell']
53225c4f-b8f1-4b47-84f0-1e470a1c49f7,Front Pull narrow,back,,beginner,5.0,,1,0,259,12,,2025-09-19 00:55:32,2025-09-19 00:57:54,Strength,"['Lats', 'Biceps', 'Brachialis']","['Barbell', 'SZ-Bar']"
153cc973-1502-4500-92eb-8e429273664e,"Calf raises, left leg",calves,,beginner,5.0,,1,0,1203,14,,2025-09-19 00:55:32,2025-09-19 00:57:54,Flexibility,['Calves'],['none (bodyweight exercise)']
c4d40b4c-42a9-488b-81d1-dd3c3976631d,Crunches on Machine,abs,,beginner,5.0,,1,0,172,10,,2025-09-19 00:55:32,2025-09-19 00:57:54,Strength,['Abs'],['none']
e91ea707-0797-4276-955b-1b63d6a5e094,Standing Calf Raises,calves,,beginner,5.0,,1,0,622,14,,2025-09-19 00:55:32,2025-09-19 00:57:54,Flexibility,"['Calves', 'Soleus']",['none']
c2573113-1246-4b07-895b-53513acde90c,Cable Lateral Raises (Single Arm),shoulders,,beginner,5.0,,1,0,1378,13,,2025-09-19 00:55:32,2025-09-19 00:57:54,Strength,['Shoulders'],['none']
e4afe241-d137-46ce-8d50-00fecc4f1553,Suspended crossess,cardio,,beginner,5.0,,1,0,927,15,,2025-09-19 00:55:32,2025-09-19 00:57:54,Cardio,['Chest'],['none (bodyweight exercise)']
54f8d126-de2d-487d-90ac-cdde6bb55fd3,Elevated prayer stretch,back,,beginner,5.0,,1,0,1027,12,,2025-09-19 00:55:32,2025-09-19 00:57:54,Strength,['Lats'],['Bench']
74176cc2-778a-44b9-9cb3-f46bdba4260b,Sit Up Elbow Thrust,abs,,beginner,5.0,,1,0,1479,10,,2025-09-19 00:55:32,2025-09-19 00:57:54,Strength,"['Obliquus externus abdominis', 'Abs']",['none (bodyweight exercise)']
fc40e1d4-befe-454b-b845-ef625dcfd1b9,Smith Machine Split Squat,legs,,beginner,5.0,,1,0,1593,9,,2025-09-19 00:55:32,2025-09-19 00:57:54,Strength,"['Hamstrings', 'Quads']",['Barbell']
83abf517-f483-4b66-9aa2-abe90b1965f9,Seated Cable Rows,back,,beginner,5.0,,1,0,921,12,,2025-09-19 00:55:32,2025-09-19 00:57:54,Strength,['Lats'],['none']
d701f8b1-b44c-4892-a734-d33f13054d71,Dumbbell rear delt row,shoulders,,beginner,5.0,,1,0,1227,13,,2025-09-19 00:55:32,2025-09-19 00:57:54,Strength,"['Shoulders', 'Brachialis', 'Trapezius']",['Dumbbell']
aca2df56-2b94-41f5-8180-132edaa8b219,Barbell Bench Press - NB,chest,,beginner,5.0,,1,0,1295,11,,2025-09-19 00:55:32,2025-09-19 00:57:54,Strength,"['Chest', 'Shoulders', 'Triceps']",['Barbell']
c458e591-abf2-4216-b0c5-09f648dae59b,Jalón cerrado,back,,beginner,5.0,,1,0,1126,12,,2025-09-19 00:55:32,2025-09-19 00:57:54,Strength,['Lats'],['none']
1733b8d0-705f-4a6c-ac5e-538635327dda,Standing biceps stretch right,arms,,beginner,5.0,,1,0,1233,8,,2025-09-19 00:55:32,2025-09-19 00:57:54,Strength,"['Shoulders', 'Biceps', 'Chest']",['none']
f355926e-e34a-49a4-8f03-bfe7d7081dfd,Abdominal Stabilization,abs,,beginner,5.0,,1,0,56,10,,2025-09-19 00:55:32,2025-09-19 00:57:54,Strength,"['Abs', 'Obliquus externus abdominis']",['Gym mat']
f37d3dfa-fcdc-4ce9-b4da-a4a4aa0ce183,Skullcrusher Dumbbells,arms,,beginner,5.0,,1,0,245,8,,2025-09-19 00:55:32,2025-09-19 00:57:54,Strength,['Triceps'],"['Bench', 'Dumbbell']"
4c4498de-356a-479b-83ae-1ed78f282066,Dumbbell Lunges Standing,legs,,beginner,5.0,,1,0,205,9,,2025-09-19 00:55:32,2025-09-19 00:57:54,Strength,"['Quads', 'Glutes']",['Dumbbell']
0ef1c0de-dde1-42cb-b2df-93a132dc31f0,Battle Ropes,cardio,,beginner,5.0,,1,0,1524,15,,2025-09-19 00:55:32,2025-09-19 00:57:54,Cardio,"['Hamstrings', 'Glutes', 'Lats', 'Obliquus externus abdominis', 'Quads', 'Abs', 'Shoulders', 'Biceps', 'Chest', 'Trapezius', 'Triceps']",['none']
6764cd2c-46b0-4ded-9ff6-0fef40713e37,Heel Touches,abs,,beginner,5.0,,1,0,1411,10,,2025-09-19 00:55:32,2025-09-19 00:57:54,Strength,"['Obliquus externus abdominis', 'Abs']",['none (bodyweight exercise)']
08f966ca-67ed-4d63-b323-8c6945970da3,Dumbbell upright-row,arms,,beginner,5.0,,1,0,1229,8,,2025-09-19 00:55:32,2025-09-19 00:57:54,Strength,"['Shoulders', 'Biceps', 'Serratus anterior']",['Dumbbell']
762a1cad-0709-4cbb-902b-5ebfcf9bee49,Knee Raises,abs,,beginner,5.0,,1,0,978,10,,2025-09-19 00:55:32,2025-09-19 00:57:54,Strength,"['Abs', 'Obliquus externus abdominis']",['Pull-up bar']
84615129-9bfb-4d15-8de3-5382f1948251,Dumbbell Floor Press,arms,,beginner,5.0,,1,0,1084,8,,2025-09-19 00:55:32,2025-09-19 00:57:54,Strength,"['Chest', 'Shoulders', 'Biceps', 'Triceps']",['Dumbbell']
551d6652-b4fe-4da6-9c0c-90c1bd0097a7,Jalón cerrado supino,back,,beginner,5.0,,1,0,1127,12,,2025-09-19 00:55:32,2025-09-19 00:57:54,Strength,['Lats'],['none']
be0a7451-3161-402d-8662-bfd279403462,TORSO TWIST,abs,,beginner,5.0,,1,0,1377,10,,2025-09-19 00:55:32,2025-09-19 00:57:54,Strength,['Abs'],['none (bodyweight exercise)']
749c268d-8299-4288-b993-2f89128ce5d2,Rack Deadlift,back,,beginner,5.0,,1,0,484,12,,2025-09-19 00:55:32,2025-09-19 00:57:54,Strength,"['Glutes', 'Biceps']",['none']
b6b135d6-6ab2-40f8-ac2e-78e3fdc6a40f,Shoulder Press (Dumbbell),arms,,beginner,5.0,,1,0,1337,8,,2025-09-19 00:55:32,2025-09-19 00:57:54,Strength,['Shoulders'],['Dumbbell']
d632599c-d43c-4c17-828a-ea94c7bbb9a7,Dumbbell drag curls,arms,,beginner,5.0,,1,0,1224,8,,2025-09-19 00:55:32,2025-09-19 00:57:54,Strength,['Biceps'],['Dumbbell']
b4c5496b-0ca8-43bc-94e7-693b21862b1d,Smith Machine Close-grip Bench Press,arms,,beginner,5.0,,1,0,598,8,,2025-09-19 00:55:32,2025-09-19 00:57:54,Strength,"['Triceps', 'Chest']",['none']
c049e9e9-868f-49a4-9394-3b364b995e90,Seated Corkscrew,abs,,beginner,5.0,,1,0,1477,10,,2025-09-19 00:55:32,2025-09-19 00:57:54,Strength,"['Obliquus externus abdominis', 'Abs']",['none (bodyweight exercise)']
37998484-fa1c-4cae-a1f9-41d99084f1c5,Biceps Curl Machine,arms,,beginner,5.0,,1,0,1424,8,,2025-09-19 00:55:32,2025-09-19 00:57:54,Strength,"['Biceps', 'Brachialis']",['none']
335a3577-deec-404d-b821-f2c6001fa721,Cable Concentration Curl,arms,,beginner,5.0,,1,0,1109,8,,2025-09-19 00:55:32,2025-09-19 00:57:54,Strength,"['Biceps', 'Brachialis']",['none']
ae46efa5-5ef3-4a85-89d1-b9c27597cf25,Incline Plank With Alternate Floor Touch,abs,,beginner,5.0,,1,0,312,10,,2025-09-19 00:55:32,2025-09-19 00:57:54,Strength,"['Abs', 'Obliquus externus abdominis']",['none']
955a4729-869d-40ed-a7e2-c9189a0b812e,Crunches,abs,,beginner,5.0,,1,0,167,10,,2025-09-19 00:55:32,2025-09-19 00:57:54,Strength,"['Abs', 'Serratus anterior']",['Gym mat']
127a50ce-0414-45a6-9ee7-ab7987df75f1,Reverse Grip Bench Press,chest,,beginner,5.0,,1,0,498,11,,2025-09-19 00:55:32,2025-09-19 00:57:54,Strength,"['Chest', 'Triceps', 'Shoulders']","['Barbell', 'Bench']"
959f235f-8bc5-455b-af19-0e63751af406,Triceps Pushdown,arms,,beginner,5.0,,1,0,1185,8,,2025-09-19 00:55:32,2025-09-19 00:57:54,Strength,['Triceps'],['none']
9a2859cb-6bfe-490b-8131-c76e1884ea35,Power Clean,chest,,beginner,5.0,,1,0,683,11,,2025-09-19 00:55:32,2025-09-19 00:57:54,Strength,['Chest'],['Barbell']
b42b3cfb-84d5-45f8-9f15-3d01ae5ed909,Hercules Pillars,arms,,beginner,5.0,,1,0,284,8,,2025-09-19 00:55:32,2025-09-19 00:57:54,Strength,"['Biceps', 'Brachialis', 'Triceps', 'Shoulders']",['none']
db1522c2-5570-47a0-99f1-e7c8567c6f53,"Calf raises, one legged",calves,,beginner,5.0,,1,0,702,14,,2025-09-19 00:55:32,2025-09-19 00:57:54,Flexibility,['Calves'],['none']
439e3d2d-fbe9-4674-ab5b-225ea742bf93,Horizontal traction isometry,abs,,beginner,5.0,,1,0,1101,10,,2025-09-19 00:55:32,2025-09-19 00:57:54,Strength,"['Lats', 'Chest', 'Shoulders', 'Biceps']",['Pull-up bar']
521e572b-2bca-4557-b44c-6b63b0384ed8,Incline OHP DB,shoulders,,beginner,5.0,,1,0,1441,13,,2025-09-19 00:55:32,2025-09-19 00:57:54,Strength,"['Shoulders', 'Triceps']",['Dumbbell']
d02ddc40-f539-4a2f-9be6-95025e8482b0,Dips,chest,,beginner,5.0,,1,0,194,11,,2025-09-19 00:55:32,2025-09-19 00:57:54,Strength,"['Chest', 'Triceps', 'Triceps']",['none (bodyweight exercise)']
9521e74e-32d6-4aee-82fd-9e21d1464cf0,Low Pulley Cable fFly,chest,,beginner,5.0,,1,0,1271,11,,2025-09-19 00:55:32,2025-09-19 00:57:54,Strength,"['Chest', 'Shoulders']",['none']
07fc795a-f0c1-4351-9531-c14674051b67,Seated Dumbbell Calf Raise,calves,,beginner,5.0,,1,0,1620,14,,2025-09-19 00:55:32,2025-09-19 00:57:54,Flexibility,['Calves'],['Dumbbell']
e34819f7-86d9-4c0a-9e88-9862c3229687,Straight-arm Pull Down (rope Attachment),back,,beginner,5.0,,1,0,629,12,,2025-09-19 00:55:32,2025-09-19 00:57:54,Strength,"['Lats', 'Triceps']",['none']
d4c6cab4-d33e-438a-ae37-0d254946e46b,Leg Curls (standing),legs,,beginner,5.0,,1,0,367,9,,2025-09-19 00:55:32,2025-09-19 00:57:54,Strength,['Hamstrings'],['none']
abd54b9d-c7fa-46f0-852a-4405ce2d7e0f,Leg Presses (wide),legs,,beginner,5.0,,1,0,374,9,,2025-09-19 00:55:32,2025-09-19 00:57:54,Strength,"['Quads', 'Glutes']",['none']
125fa141-e6df-4360-a189-247e633f2d02,Reverse Snow Angel,back,,beginner,5.0,,1,0,1215,12,,2025-09-19 00:55:32,2025-09-19 00:57:54,Strength,"['Trapezius', 'Shoulders', 'Hamstrings', 'Glutes', 'Obliquus externus abdominis', 'Abs']",['none (bodyweight exercise)']
cade09dc-bfeb-40b3-ba63-7c1636954095,Barbell Ab Rollout,abs,,beginner,5.0,,1,0,41,10,,2025-09-19 00:55:32,2025-09-19 00:57:54,Strength,['Obliquus externus abdominis'],['Barbell']
f718b4d9-49c2-41a6-93ea-a6bc0622be71,Overhand Cable Curl,abs,,beginner,5.0,,1,0,439,10,,2025-09-19 00:55:32,2025-09-19 00:57:54,Strength,['Biceps'],['none']
cbdf559b-cce3-4b79-8e83-814c1783403f,Dumbbell Lunges Walking,legs,,beginner,5.0,,1,0,206,9,,2025-09-19 00:55:32,2025-09-19 00:57:54,Strength,"['Quads', 'Glutes']",['Dumbbell']
30b77bf7-e4d5-4a30-a73b-c8b6a5ecc74c,Barbell Lunges Standing,legs,,beginner,5.0,,1,0,46,9,,2025-09-19 00:55:32,2025-09-19 00:57:54,Strength,"['Quads', 'Glutes']",['Barbell']
e897abb4-0b32-4e2b-956b-ccb63920280c,Single Leg RDL,legs,,beginner,5.0,,1,0,1389,9,,2025-09-19 00:55:32,2025-09-19 00:57:54,Strength,"['Hamstrings', 'Glutes']",['none (bodyweight exercise)']
bdc15bb5-1292-46d3-9924-b607bc2ecf51,"Shrugs, Dumbbells",shoulders,,beginner,5.0,,1,0,572,13,,2025-09-19 00:55:32,2025-09-19 00:57:54,Strength,['Shoulders'],['Dumbbell']
df9604fb-cf54-4c40-93c8-8b9ad0364835,Butterfly Sit Up,abs,,beginner,5.0,,1,0,1476,10,,2025-09-19 00:55:32,2025-09-19 00:57:54,Strength,"['Obliquus externus abdominis', 'Abs']",['none (bodyweight exercise)']
4ec841ef-b5e3-488a-8bb4-8c3ac3e34240,Hammercurls on Cable,arms,,beginner,5.0,,1,0,275,8,,2025-09-19 00:55:32,2025-09-19 00:57:54,Strength,"['Biceps', 'Brachialis']",['none']
91185c7d-eaf6-4a5e-a91c-81e373c41d57,bicycle crunches,abs,,beginner,5.0,,1,0,1412,10,,2025-09-19 00:55:32,2025-09-19 00:57:54,Strength,"['Abs', 'Obliquus externus abdominis']",['none (bodyweight exercise)']
974c6df0-9ac4-4552-a345-67742f5d15c6,Full Sit Outs,abs,,beginner,5.0,,1,0,260,10,,2025-09-19 00:55:32,2025-09-19 00:57:54,Strength,"['Glutes', 'Obliquus externus abdominis', 'Abs']",['none (bodyweight exercise)']
05819317-63ec-4df4-b574-accf8d79d71a,Muscle up,back,,beginner,5.0,,1,0,423,12,,2025-09-19 00:55:32,2025-09-19 00:57:54,Strength,"['Biceps', 'Hamstrings']",['Pull-up bar']
190f04ed-6495-474a-af4e-a12d9c4be97e,Standing Soleus Stretch,legs,,beginner,5.0,,1,0,1240,9,,2025-09-19 00:55:32,2025-09-19 00:57:54,Strength,['Soleus'],['none (bodyweight exercise)']
99bc3ebe-85d6-47be-af1f-68c52a57a486,Butterfly Reverse,shoulders,,beginner,5.0,,1,0,139,13,,2025-09-19 00:55:32,2025-09-19 00:57:54,Strength,['Shoulders'],['none']
e28a44ea-6543-41cf-9a0a-882d4cea25ec,Lat Pull Down (Leaning Back),back,,beginner,5.0,,1,0,354,12,,2025-09-19 00:55:32,2025-09-19 00:57:54,Strength,['Lats'],['none']
6ff0f780-d3a0-4220-8e61-7105f03c46ad,Low-Cable Cross-Over - NB,chest,,beginner,5.0,,1,0,1296,11,,2025-09-19 00:55:32,2025-09-19 00:57:54,Strength,"['Chest', 'Shoulders']",['none']
d40c1a21-372c-4933-a4bb-8ee01279c84a,Frog stand,abs,,beginner,5.0,,1,0,1238,10,,2025-09-19 00:55:32,2025-09-19 00:57:54,Strength,"['Shoulders', 'Biceps', 'Brachialis', 'Abs']",['none (bodyweight exercise)']
d606ccb1-194a-42bc-9972-76d685bdfc30,Seated Hip Adduction,legs,,beginner,5.0,,1,0,12,9,,2025-09-19 00:55:32,2025-09-19 00:57:54,Strength,['Glutes'],['none']
ed463120-1722-435d-80a5-e4004ef9f671,Unilateral Cable row,back,,beginner,5.0,,1,0,1621,12,,2025-09-19 00:55:32,2025-09-19 00:57:54,Strength,"['Lats', 'Serratus anterior']",['Bench']
b9d3def2-724f-424a-9e13-1b8db4d131df,Pull-up Isometric Hold,back,,beginner,5.0,,1,0,1537,12,,2025-09-19 00:55:32,2025-09-19 00:57:54,Strength,"['Biceps', 'Lats', 'Trapezius']",['Pull-up bar']
098603ef-91eb-466c-b621-dc86c9fe04a5,Trunk Rotation With Cable,abs,,beginner,5.0,,1,0,672,10,,2025-09-19 00:55:32,2025-09-19 00:57:54,Strength,"['Obliquus externus abdominis', 'Lats']",['none']
8713b99f-2775-4de4-88af-57a79987a42b,DB Skull Crushers,arms,,beginner,5.0,,1,0,1499,8,,2025-09-19 00:55:32,2025-09-19 00:57:54,Strength,['Triceps'],['Dumbbell']
f92808a2-48f1-4cda-b1c4-a83d2684964c,Reverse Curl,arms,,beginner,5.0,,1,0,495,8,,2025-09-19 00:55:32,2025-09-19 00:57:54,Strength,"['Biceps', 'Brachialis', 'Biceps']","['Barbell', 'Dumbbell']"
81ca2d78-7e48-4f9c-9002-8d69fbb86ab9,Chin-ups,back,,beginner,5.0,,1,0,154,12,,2025-09-19 00:55:32,2025-09-19 00:57:54,Strength,['Lats'],['Pull-up bar']
0cdea377-e5ac-444e-9443-90ce691ed8a8,Incline Chest-Supported Dumbbell Row,back,,beginner,5.0,,1,0,1283,12,,2025-09-19 00:55:32,2025-09-19 00:57:54,Strength,"['Biceps', 'Lats', 'Trapezius']","['Bench', 'Dumbbell']"
88936eb5-11d8-4c76-9cf1-7951dbba7ca2,March or jog in place,cardio,,beginner,5.0,,1,0,1584,15,,2025-09-19 00:55:32,2025-09-19 00:57:54,Cardio,"['Hamstrings', 'Calves', 'Glutes', 'Quads', 'Shoulders', 'Biceps', 'Obliquus externus abdominis', 'Abs', 'Triceps']",['none (bodyweight exercise)']
c6c00819-5dd2-4786-bd3b-600e40c64916,Dumbbell Frog Press,legs,,beginner,5.0,,1,0,1503,9,,2025-09-19 00:55:32,2025-09-19 00:57:54,Strength,['Glutes'],['Dumbbell']
f1268510-7ff0-4b59-bda0-471e79c020de,Isometria trazioni impugnatura inversa,back,,beginner,5.0,,1,0,1282,12,,2025-09-19 00:55:32,2025-09-19 00:57:54,Strength,"['Lats', 'Biceps', 'Trapezius']",['Pull-up bar']
b8834634-3f10-48b6-990a-e639d1d0bded,Front Raises,shoulders,,beginner,5.0,,1,0,256,13,,2025-09-19 00:55:32,2025-09-19 00:57:54,Strength,['Shoulders'],"['Barbell', 'Dumbbell']"
ea1866d9-ef06-4f67-8174-9f9ff12dc4e2,Turkish Get-Up,abs,,beginner,5.0,,1,0,675,10,,2025-09-19 00:55:32,2025-09-19 00:57:54,Strength,"['Shoulders', 'Glutes', 'Obliquus externus abdominis', 'Serratus anterior', 'Shoulders', 'Glutes', 'Obliquus externus abdominis', 'Serratus anterior']",['Dumbbell']
f1367957-41e3-4b34-8455-a38aa07b5380,Straight-arm Pull Down (bar Attachment),back,,beginner,5.0,,1,0,628,12,,2025-09-19 00:55:32,2025-09-19 00:57:54,Strength,"['Lats', 'Triceps']",['none']
29f9c12b-9eee-4bd1-9118-0d83a2f1e149,Seated Triceps Press,arms,,beginner,5.0,,1,0,549,8,,2025-09-19 00:55:32,2025-09-19 00:57:54,Strength,['Triceps'],"['Bench', 'Dumbbell']"
7d160d44-3ca7-4b0e-a4bf-fa258396727c,Decline Bench Press Barbell,chest,,beginner,5.0,,1,0,185,11,,2025-09-19 00:55:32,2025-09-19 00:57:54,Strength,['Chest'],['Barbell']
f13ba410-1d81-495d-aa89-d00fd7d35d09,Leverage Machine Iso Row,back,,beginner,5.0,,1,0,380,12,,2025-09-19 00:55:32,2025-09-19 00:57:54,Strength,['Lats'],['none']
eca9ace1-7ad2-4a47-bb4b-1b6bdebb7ac4,Spider Curl,arms,,beginner,5.0,,1,0,1465,8,,2025-09-19 00:55:32,2025-09-19 00:57:54,Strength,['Biceps'],['Incline bench']
5fd9057d-eb33-4714-a53b-641d04d94ecd,Ski Machine,cardio,,beginner,5.0,,1,0,1526,15,,2025-09-19 00:55:32,2025-09-19 00:57:54,Cardio,"['Calves', 'Lats', 'Trapezius', 'Triceps', 'Hamstrings', 'Glutes', 'Quads', 'Abs']",['none']
375e2d61-b3a3-4256-b5ce-1c888614b8a0,Lateral-to-Front Raises,shoulders,,beginner,5.0,,1,0,351,13,,2025-09-19 00:55:32,2025-09-19 00:57:54,Strength,"['Shoulders', 'Trapezius']",['Dumbbell']
804f4606-33a1-4391-9558-820337d49361,Glute Drive,legs,,beginner,5.0,,1,0,1528,9,,2025-09-19 00:55:32,2025-09-19 00:57:54,Strength,"['Glutes', 'Hamstrings', 'Quads']",['none']
26b7976b-db22-43ec-b248-34b54854201e,Incline Dumbbell Press,chest,,beginner,5.0,,1,0,1277,11,,2025-09-19 00:55:32,2025-09-19 00:57:54,Strength,"['Chest', 'Shoulders', 'Triceps']",['Dumbbell']
f728bb58-6a8f-4bb1-abc3-10f0b42bcf88,Cable Curls,arms,,beginner,5.0,,1,0,1531,8,,2025-09-19 00:55:32,2025-09-19 00:57:54,Strength,['Biceps'],['none (bodyweight exercise)']
dae4df98-b433-4f19-9fde-1c3b4ff4cc6d,TRX Rows,abs,,beginner,5.0,,1,0,959,10,,2025-09-19 00:55:32,2025-09-19 00:57:54,Strength,"['Shoulders', 'Biceps', 'Lats']",['none (bodyweight exercise)']
880fc96d-f163-4d2a-92b3-11f89bf8cca2,Isometric Wipers,chest,,beginner,5.0,,1,0,314,11,,2025-09-19 00:55:32,2025-09-19 00:57:54,Strength,"['Chest', 'Abs']",['none (bodyweight exercise)']
ea06bbac-a8fb-4698-bd28-a6011e452982,Diamond push ups,chest,,beginner,5.0,,1,0,386,11,,2025-09-19 00:55:32,2025-09-19 00:57:54,Strength,"['Chest', 'Triceps']",['none (bodyweight exercise)']
89de423b-da59-4f2b-9f9e-fbf8958d7e06,Sitting Calf Stretch (Dorsiflexion),legs,,beginner,5.0,,1,0,1274,9,,2025-09-19 00:55:32,2025-09-19 00:57:54,Strength,"['Calves', 'Soleus']",['none']
c2655d92-ce3b-44f2-bd2c-2ccd5613f392,Barbell squat,legs,,beginner,5.0,,1,0,1627,9,,2025-09-19 00:55:32,2025-09-19 00:57:54,Strength,"['Hamstrings', 'Glutes', 'Obliquus externus abdominis', 'Abs']",['Barbell']
27abca22-ef44-431f-b61e-e0f9c7137685,Leg Curl,legs,,beginner,5.0,,1,0,364,9,,2025-09-19 00:55:32,2025-09-19 00:57:54,Strength,"['Hamstrings', 'Glutes']",['none']
a94408cb-01ab-4bc7-a397-6eca43180cbe,Dumbbell bicep curl to press,arms,,beginner,5.0,,1,0,1226,8,,2025-09-19 00:55:32,2025-09-19 00:57:54,Strength,['Biceps'],['Dumbbell']
59733339-043f-4d97-9de4-70730e1f49b1,High Pull,back,,beginner,5.0,,1,0,1187,12,,2025-09-19 00:55:32,2025-09-19 00:57:54,Strength,['Lats'],['none']
cfec4de3-abdb-4e47-8792-5d8b3c669e74,Incline Skull Crush,arms,,beginner,5.0,,1,0,911,8,,2025-09-19 00:55:32,2025-09-19 00:57:54,Strength,['Triceps'],['none']
345a789e-8892-4995-acae-966b2c183ec1,Push-Ups | Parallettes,chest,,beginner,5.0,,1,0,1113,11,,2025-09-19 00:55:32,2025-09-19 00:57:54,Strength,"['Chest', 'Shoulders', 'Triceps']",['none']
d35878b6-235a-4a49-a2ab-3a657ef194f2,Biceps Curls With Dumbbell,arms,,beginner,5.0,,1,0,92,8,,2025-09-19 00:55:32,2025-09-19 00:57:54,Strength,"['Biceps', 'Brachialis']",['Dumbbell']
3ec12641-1728-4b28-a290-ca4981da4d13,Plank,chest,,beginner,5.0,,1,0,1317,11,,2025-09-19 00:55:32,2025-09-19 00:57:54,Strength,"['Obliquus externus abdominis', 'Chest', 'Quads', 'Abs', 'Trapezius', 'Hamstrings', 'Calves', 'Lats']",['none (bodyweight exercise)']
5137a036-2353-48a0-8a8b-bb48853039c1,Low Pulley Cable fFly,chest,,beginner,5.0,,1,0,1272,11,,2025-09-19 00:55:32,2025-09-19 00:57:54,Strength,"['Chest', 'Shoulders']",['none']
66c4be03-a9da-4412-8109-c4de94061803,Ice Scream maker,abs,,beginner,5.0,,1,0,1248,10,,2025-09-19 00:55:32,2025-09-19 00:57:54,Strength,"['Lats', 'Abs']",['none (bodyweight exercise)']
9e0cfa5b-a84a-4eba-8ab3-ad47523ee903,Alternating dumbbell hammer curl,arms,,beginner,5.0,,1,0,1567,8,,2025-09-19 00:55:32,2025-09-19 00:57:54,Strength,['Biceps'],['Dumbbell']
867e3985-bcac-4f02-9e8f-b3086126b922,Triceps Extensions on Cable With Bar,arms,,beginner,5.0,,1,0,660,8,,2025-09-19 00:55:32,2025-09-19 00:57:54,Strength,['Triceps'],['none']
504dac61-e6a3-40f0-af2b-c6abd774ada0,Australian pull-ups,arms,,beginner,5.0,,1,0,1219,8,,2025-09-19 00:55:32,2025-09-19 00:57:54,Strength,"['Shoulders', 'Biceps', 'Lats', 'Trapezius']",['none (bodyweight exercise)']
105a988f-a22f-42c9-86a2-7d49470369a1,Standing Pancake Good Morning,legs,,beginner,5.0,,1,0,1397,9,,2025-09-19 00:55:32,2025-09-19 00:57:54,Strength,['Hamstrings'],['none (bodyweight exercise)']
95706527-06f8-4c40-ae32-ea3ed9f52fcf,Nordic Curl,legs,,beginner,5.0,,1,0,910,9,,2025-09-19 00:55:32,2025-09-19 00:57:54,Strength,"['Hamstrings', 'Glutes']",['none']
77ea5cbc-1d5f-4648-ba21-707c1f7cc2a0,Quadriped Arm and Leg Raise,back,,beginner,5.0,,1,0,957,12,,2025-09-19 00:55:32,2025-09-19 00:57:54,Strength,"['Shoulders', 'Glutes', 'Serratus anterior', 'Trapezius', 'Lats']",['none (bodyweight exercise)']
fa626502-b775-4739-a7fa-3c85df48f266,Dips Between Two Benches,arms,,beginner,5.0,,1,0,197,8,,2025-09-19 00:55:32,2025-09-19 00:57:54,Strength,['Triceps'],['Bench']
00f29370-c287-497d-a6be-d41f0f85c011,Butterfly,chest,,beginner,5.0,,1,0,135,11,,2025-09-19 00:55:32,2025-09-19 00:57:54,Strength,"['Chest', 'Shoulders']",['none']
e484bf31-815e-4a1a-b25a-266ebbcde828,Reverse Bar Curl,arms,,beginner,5.0,,1,0,493,8,,2025-09-19 00:55:32,2025-09-19 00:57:54,Strength,['Biceps'],['SZ-Bar']
b3258313-4900-46ac-a545-4a7a780ae438,Delt Stretch,shoulders,,beginner,5.0,,1,0,1536,13,,2025-09-19 00:55:32,2025-09-19 00:57:54,Strength,['Shoulders'],['none']
5e159d5b-f63c-44a6-b03d-3e09c87b65e2,Pike Push Ups,arms,,beginner,5.0,,1,0,454,8,,2025-09-19 00:55:32,2025-09-19 00:57:54,Strength,"['Chest', 'Triceps']",['none (bodyweight exercise)']
402b30fa-f4dd-4f61-b571-c50e31f2dc4e,Russian Twist,abs,,beginner,5.0,,1,0,1193,10,,2025-09-19 00:55:32,2025-09-19 00:57:54,Strength,"['Lats', 'Obliquus externus abdominis', 'Abs']","['Dumbbell', 'Gym mat', 'Swiss Ball']"
f9e84f5f-ccab-4834-8c87-a8d7d099dd48,Push Press,shoulders,,beginner,5.0,,1,0,478,13,,2025-09-19 00:55:32,2025-09-19 00:57:54,Strength,"['Trapezius', 'Glutes']",['none']
b7487bb7-1456-4059-9581-7cd87742bd78,Side Dumbbell Trunk Flexion,abs,,beginner,5.0,,1,0,577,10,,2025-09-19 00:55:32,2025-09-19 00:57:54,Strength,"['Obliquus externus abdominis', 'Abs']",['Dumbbell']
baaf4b6d-9102-422d-b5d9-4be78baf89d0,Bench Press,chest,,beginner,5.0,,1,0,73,11,,2025-09-19 00:55:32,2025-09-19 00:57:54,Strength,"['Chest', 'Shoulders', 'Triceps']","['Barbell', 'Bench']"
fa5586b7-1245-49c3-8be6-40bfed5547aa,Front lever pull-up,abs,,beginner,5.0,,1,0,1252,10,,2025-09-19 00:55:32,2025-09-19 00:57:54,Strength,"['Biceps', 'Lats', 'Abs', 'Shoulders']",['Pull-up bar']
2da20d7a-6f79-463d-9012-87585fcbb9f3,Dumbbell Bent Over Row,shoulders,,beginner,5.0,,1,0,1085,13,,2025-09-19 00:55:32,2025-09-19 00:57:54,Strength,"['Shoulders', 'Biceps', 'Lats', 'Serratus anterior', 'Trapezius', 'Triceps']",['Dumbbell']
1e015716-01d5-4fcc-9c9b-2f80dd3a19fa,JALON EN BANCO INCLINADO,back,,beginner,5.0,,1,0,1138,12,,2025-09-19 00:55:32,2025-09-19 00:57:54,Strength,['Lats'],['none']
61369f67-6306-4ed9-a180-1cf30b537933,"Fly With Dumbbells, Decline Bench",chest,,beginner,5.0,,1,0,239,11,,2025-09-19 00:55:32,2025-09-19 00:57:54,Strength,['Chest'],['Dumbbell']
3472039a-8840-40e6-b804-a89ffcd1fe8b,Decline Pushups,chest,,beginner,5.0,,1,0,188,11,,2025-09-19 00:55:32,2025-09-19 00:57:54,Strength,"['Chest', 'Shoulders']",['none (bodyweight exercise)']
e2d4714d-620a-4ddc-97b9-09912d72276d,Clean,legs,,beginner,5.0,,1,0,1438,9,,2025-09-19 00:55:32,2025-09-19 00:57:54,Strength,"['Glutes', 'Quads', 'Hamstrings', 'Lats', 'Abs']",['Barbell']
fcb2a3c4-7148-43e9-8189-d6575d9e09ec,Cossack squat,legs,,beginner,5.0,,1,0,1407,9,,2025-09-19 00:55:32,2025-09-19 00:57:54,Strength,"['Glutes', 'Quads', 'Calves', 'Abs']",['none']
7db16262-b4dc-4430-9036-7dc38c78e5dd,Incline Close Grip Barbell Bench Press,arms,,beginner,5.0,,1,0,1467,8,,2025-09-19 00:55:32,2025-09-19 00:57:54,Strength,"['Triceps', 'Shoulders', 'Chest']",['Barbell']
7d275495-3b0d-44e6-b897-e32543f25a06,Bent Over Rowing Reverse,back,,beginner,5.0,,1,0,525,12,,2025-09-19 00:55:32,2025-09-19 00:57:54,Strength,"['Lats', 'Shoulders', 'Biceps']",['Barbell']
74cee250-15d8-491f-9877-db147f48acfa,Kopfüber Gewichtaufheben,abs,,beginner,5.0,,1,0,1322,10,,2025-09-19 00:55:32,2025-09-19 00:57:54,Strength,['Abs'],['Kettlebell']
502a880e-da19-4b94-a1d1-b4419f1af8d4,Thruster,legs,,beginner,5.0,,1,0,650,9,,2025-09-19 00:55:32,2025-09-19 00:57:54,Strength,"['Shoulders', 'Trapezius']",['Barbell']
4c9a1f0e-d314-4585-ad05-a385f08bea3a,Hindu Squats,legs,,beginner,5.0,,1,0,291,9,,2025-09-19 00:55:32,2025-09-19 00:57:54,Strength,"['Quads', 'Glutes']",['none']
93c4dcde-1502-43b7-9e2d-e7ef501cc8cc,Double Kettlebell Front Squat,legs,,beginner,5.0,,1,0,1361,9,,2025-09-19 00:55:32,2025-09-19 00:57:54,Strength,"['Glutes', 'Quads', 'Hamstrings', 'Calves', 'Abs']",['Kettlebell']
3fdc18a0-9d48-4f3f-a594-63aab20f66a5,Bent Over Dumbbell Rows,back,,beginner,5.0,,1,0,81,12,,2025-09-19 00:55:32,2025-09-19 00:57:54,Strength,['Lats'],"['Bench', 'Dumbbell']"
f1400be8-6ff3-40a5-a87a-915fb484ebd9,Alternating Biceps Curls With Dumbbell,arms,,beginner,5.0,,1,0,1192,8,,2025-09-19 00:55:32,2025-09-19 00:57:54,Strength,['Biceps'],['Dumbbell']
2b0dca96-81af-41ac-94a2-493bc600428d,Jalón abierto,back,,beginner,5.0,,1,0,1124,12,,2025-09-19 00:55:32,2025-09-19 00:57:54,Strength,['Lats'],['none']
fb9fa5da-7e96-4c4d-a987-e9f39fa3f598,"Upright Row, on Multi Press",shoulders,,beginner,5.0,,1,0,691,13,,2025-09-19 00:55:32,2025-09-19 00:57:54,Strength,"['Shoulders', 'Trapezius', 'Biceps']",['none']
2e8619ab-f547-4fbb-8564-1ea95b16b10e,Prone Scapular Retraction - Arms at Side,back,,beginner,5.0,,1,0,468,12,,2025-09-19 00:55:32,2025-09-19 00:57:54,Strength,['Trapezius'],['none']
eda713d6-9c54-4706-90a3-ac4f63e6f664,knee push-ups,arms,,beginner,5.0,,1,0,1218,8,,2025-09-19 00:55:32,2025-09-19 00:57:54,Strength,"['Shoulders', 'Chest', 'Serratus anterior', 'Triceps']",['none (bodyweight exercise)']
f560a0cb-6fc3-48c9-a016-3ca5c481b710,Double Leg Calf Raise,legs,,beginner,5.0,,1,0,1243,9,,2025-09-19 00:55:32,2025-09-19 00:57:54,Strength,"['Calves', 'Soleus']",['none (bodyweight exercise)']
560effbf-5fd4-426d-aac2-5056ef337a4f,Wall balls,legs,,beginner,5.0,,1,0,1100,9,,2025-09-19 00:55:32,2025-09-19 00:57:54,Strength,"['Shoulders', 'Glutes', 'Quads', 'Biceps', 'Chest', 'Abs', 'Trapezius']",['Swiss Ball']
7e4258c0-7441-4c22-aa42-0f519b894103,Dumbbell Incline Curl,arms,,beginner,5.0,,1,0,204,8,,2025-09-19 00:55:32,2025-09-19 00:57:54,Strength,"['Biceps', 'Brachialis']",['Dumbbell']
2fbc2686-779a-4fc8-89b2-e228e69aef42,Low Pulley Cable fFly,chest,,beginner,5.0,,1,0,1270,11,,2025-09-19 00:55:32,2025-09-19 00:57:54,Strength,"['Chest', 'Shoulders']",['none']
94bc6d5c-b7a3-4150-83f6-2321ec886e90,Pin Bench Press BB,chest,,beginner,5.0,,1,0,1436,11,,2025-09-19 00:55:32,2025-09-19 00:57:54,Strength,"['Chest', 'Triceps']",['Barbell']
3e562ae9-33de-4664-8d8b-8c38bf998e69,Kettlebell Swing,abs,,beginner,5.0,,1,0,960,10,,2025-09-19 00:55:32,2025-09-19 00:57:54,Strength,"['Shoulders', 'Glutes', 'Quads', 'Abs', 'Trapezius']",['Kettlebell']
ac4ccd54-8598-458c-9b43-9eb6f409a168,Incline Crunches,abs,,beginner,5.0,,1,0,171,10,,2025-09-19 00:55:32,2025-09-19 00:57:54,Strength,['Abs'],['Incline bench']
c4165ba9-a9b8-4306-9ffd-e4e530da7059,Respiración profunda (de pie o sentado),chest,,beginner,5.0,,1,0,1591,11,,2025-09-19 00:55:32,2025-09-19 00:57:54,Strength,"['Obliquus externus abdominis', 'Abs']",['none (bodyweight exercise)']
52d30b69-b545-439b-9e4f-1ca279c8a243,Pistol Squat,legs,,beginner,5.0,,1,0,456,9,,2025-09-19 00:55:32,2025-09-19 00:57:54,Strength,"['Hamstrings', 'Glutes', 'Shoulders', 'Biceps', 'Brachialis']",['none']
8992c221-7584-4877-8ae0-baae6ffc332d,Handstand,shoulders,,beginner,5.0,,1,0,1516,13,,2025-09-19 00:55:32,2025-09-19 00:57:54,Strength,['Shoulders'],['none']
2c78547e-f2f6-4ec7-97f2-1ee71098888d,Bodyweight Biceps Curl,arms,,beginner,5.0,,1,0,1608,8,,2025-09-19 00:55:32,2025-09-19 00:57:54,Strength,['Biceps'],['none (bodyweight exercise)']
895d4e02-8ded-4e8c-b40f-bf30ccc2db4b,Low Box Squat - Wide Stance,legs,,beginner,5.0,,1,0,397,9,,2025-09-19 00:55:32,2025-09-19 00:57:54,Strength,"['Glutes', 'Quads']",['Barbell']
2dcb8ea0-9a3e-4300-8a58-b466958e5eed,Negative Crunches,abs,,beginner,5.0,,1,0,427,10,,2025-09-19 00:55:32,2025-09-19 00:57:54,Strength,['Abs'],['none']
8411ec31-fee5-4299-9ac1-a75d13e4525f,Dumbbell Shoulder Rotations,shoulders,,beginner,5.0,,1,0,1429,13,,2025-09-19 00:55:32,2025-09-19 00:57:54,Strength,['Shoulders'],['Dumbbell']
0bbbcb83-b9ec-42fb-b16c-caab94fed12b,Hanging Leg Raises,abs,,beginner,5.0,,1,0,283,10,,2025-09-19 00:55:32,2025-09-19 00:57:54,Strength,['Abs'],['Pull-up bar']
c06a6fed-7b62-42aa-8797-e712f418bd41,Dragon-flag,abs,,beginner,5.0,,1,0,1409,10,,2025-09-19 00:55:32,2025-09-19 00:57:54,Strength,"['Obliquus externus abdominis', 'Abs', 'Shoulders', 'Glutes', 'Lats', 'Triceps']",['none']
6b0a4d72-92e2-493a-b8fb-52215966e565,Shotgun Row,back,,beginner,5.0,,1,0,562,12,,2025-09-19 00:55:32,2025-09-19 00:57:54,Strength,['Lats'],['none']
5b6c9542-2267-45ac-ad64-4507c3ec7736,Towel Superman,back,,beginner,5.0,,1,0,1455,12,,2025-09-19 00:55:32,2025-09-19 00:57:54,Strength,"['Lats', 'Shoulders']",['none']
7f7d9bbc-1df9-46e4-bb12-3ef9a2f417b5,Superman,back,,beginner,5.0,,1,0,636,12,,2025-09-19 00:55:32,2025-09-19 00:57:54,Strength,"['Glutes', 'Lats']",['Gym mat']
b284313d-1952-458f-bef0-5b84915eb5bc,Hollow Hold,abs,,beginner,5.0,,1,0,297,10,,2025-09-19 00:55:32,2025-09-19 00:57:54,Strength,"['Obliquus externus abdominis', 'Abs']","['Gym mat', 'none (bodyweight exercise)']"
70478554-2d85-487e-a9ec-4f6e3508eb5e,Dumbbell close grip bench press,arms,,beginner,5.0,,1,0,1228,8,,2025-09-19 00:55:32,2025-09-19 00:57:54,Strength,"['Chest', 'Triceps']",['Dumbbell']
1b0ecd61-6c14-4da9-8372-9cb00d6e9829,TRX gorilla biceps curl,arms,,beginner,5.0,,1,0,1261,8,,2025-09-19 00:55:32,2025-09-19 00:57:54,Strength,"['Brachialis', 'Biceps']",['none']
3e346bbf-2244-4e7a-883e-5753bac88f64,Hamstring Kicks,legs,,beginner,5.0,,1,0,1387,9,,2025-09-19 00:55:32,2025-09-19 00:57:54,Strength,"['Hamstrings', 'Glutes']",['none (bodyweight exercise)']
8c3c7574-0347-4f28-9a7b-57a7c186a591,High-Incline Smith Machine Press,chest,,beginner,5.0,,1,0,1508,11,,2025-09-19 00:55:32,2025-09-19 00:57:54,Strength,"['Shoulders', 'Chest', 'Triceps']",['none']
aae51ae1-bc36-4af2-8c5a-53634f353082,Curl with kettlebell two hands,arms,,beginner,5.0,,1,0,974,8,,2025-09-19 00:55:32,2025-09-19 00:57:54,Strength,['Biceps'],['Kettlebell']
1ac8484c-5138-4b0e-9472-b09acde87f9e,Rear Delt Raise,shoulders,,beginner,5.0,,1,0,829,13,,2025-09-19 00:55:32,2025-09-19 00:57:54,Strength,"['Shoulders', 'Trapezius', 'Lats']",['Dumbbell']
6d08c88f-eac5-4f13-8204-8893c642bd3e,Plank-to-Elbow Extension,abs,,beginner,5.0,,1,0,1406,10,,2025-09-19 00:55:32,2025-09-19 00:57:54,Strength,"['Shoulders', 'Abs', 'Triceps', 'Obliquus externus abdominis', 'Chest']",['none']
38d4221a-3fec-4fad-a150-0654091f102e,Pause Bench,chest,,beginner,5.0,,1,0,445,11,,2025-09-19 00:55:32,2025-09-19 00:57:54,Strength,"['Chest', 'Triceps']","['Barbell', 'Bench']"
8392a39b-1b7c-497b-b244-324dc2c43575,Incline Bench Press - Dumbbell,chest,,beginner,5.0,,1,0,537,11,,2025-09-19 00:55:32,2025-09-19 00:57:54,Strength,"['Chest', 'Shoulders', 'Triceps']","['Dumbbell', 'Incline bench']"
c14a73c2-974b-4232-96c1-be7f8ee2db61,Wide Pull Up,back,,beginner,5.0,,1,0,1542,12,,2025-09-19 00:55:32,2025-09-19 00:57:54,Strength,['Lats'],['Pull-up bar']
107deb17-bb91-458d-90aa-f04dc3ad4622,Hyper Y W Combo,back,,beginner,5.0,,1,0,1487,12,,2025-09-19 00:55:32,2025-09-19 00:57:54,Strength,['Lats'],['none']
bc976640-cb89-46ce-98ee-25ba43d66d36,Leg Presses (narrow),legs,,beginner,5.0,,1,0,373,9,,2025-09-19 00:55:32,2025-09-19 00:57:54,Strength,"['Quads', 'Glutes']",['none']
0f644442-017c-4feb-a6d3-fe790c37fbb9,Elephant Walks,legs,,beginner,5.0,,1,0,1391,9,,2025-09-19 00:55:32,2025-09-19 00:57:54,Strength,"['Hamstrings', 'Calves']",['none (bodyweight exercise)']
515e2b3d-3a9a-4a5c-9a34-d4ee77824c8e,Jumping Jack HD,cardio,,beginner,5.0,,1,0,1316,15,,2025-09-19 00:55:32,2025-09-19 00:57:54,Cardio,"['Calves', 'Quads', 'Glutes', 'Obliquus externus abdominis', 'Abs']",['none (bodyweight exercise)']
9eea88ae-0226-4add-ab51-f4e2d085a5f5,Wide-grip Pulldown,back,,beginner,5.0,,1,0,723,12,,2025-09-19 00:55:32,2025-09-19 00:57:54,Strength,['Lats'],['none']
c796a698-119d-46c1-b04c-e2521d0bfbaa,Close-grip Press-ups,chest,,beginner,5.0,,1,0,1086,11,,2025-09-19 00:55:32,2025-09-19 00:57:54,Strength,"['Brachialis', 'Lats', 'Chest', 'Trapezius', 'Shoulders', 'Biceps', 'Triceps']",['none (bodyweight exercise)']
53ee7b60-12f7-4f99-a105-1952ea4442da,Overhead Cable Tricep Extension,arms,,beginner,5.0,,1,0,1513,8,,2025-09-19 00:55:32,2025-09-19 00:57:54,Strength,['Triceps'],['none']
f710a997-34b3-4d36-afb8-c94b21b45899,Dynamic Planche,abs,,beginner,5.0,,1,0,1286,10,,2025-09-19 00:55:32,2025-09-19 00:57:54,Strength,"['Abs', 'Obliquus externus abdominis']",['none (bodyweight exercise)']
e93ae463-dff7-4937-8086-87b16dae63d5,PULL OVER POLEA ALTA,back,,beginner,5.0,,1,0,1137,12,,2025-09-19 00:55:32,2025-09-19 00:57:54,Strength,"['Lats', 'Serratus anterior']",['none']
20f9f4a1-021a-4e01-aacb-5d96d1fd470d,Leg Extension,legs,,beginner,5.0,,1,0,369,9,,2025-09-19 00:55:32,2025-09-19 00:57:54,Strength,['Quads'],['none']
30408b57-8ab5-44ab-89e4-f384b2a2d158,Rotary Torso Machine,abs,,beginner,5.0,,1,0,1374,10,,2025-09-19 00:55:32,2025-09-19 00:57:54,Strength,['Abs'],['none']
ae827f78-f232-40d0-ba42-9f4c169fd2ce,Kong Curl,arms,,beginner,5.0,,1,0,1511,8,,2025-09-19 00:55:32,2025-09-19 00:57:54,Strength,['Biceps'],['Dumbbell']
d14c6e4f-db77-40eb-ac55-161f3234b6ce,Barbell Hip Thrust,legs,,beginner,5.0,,1,0,902,9,,2025-09-19 00:55:32,2025-09-19 00:57:54,Strength,['Glutes'],['Barbell']
116fcaaf-5dfc-45ed-8cec-bea76763ca14,Sit-ups,abs,,beginner,5.0,,1,0,591,10,,2025-09-19 00:55:32,2025-09-19 00:57:54,Strength,['Abs'],['none']
1faa82f2-e2a4-4fc2-b8df-38758cef6cbc,Hyperextensions,back,,beginner,5.0,,1,0,301,12,,2025-09-19 00:55:32,2025-09-19 00:57:54,Strength,['Trapezius'],['none']
2b64aca3-2bb0-4770-bddd-392dd085f930,Front Plate Raise,shoulders,,beginner,5.0,,1,0,827,13,,2025-09-19 00:55:32,2025-09-19 00:57:54,Strength,['Shoulders'],['none']
8f7ffba8-597d-47d4-9374-82a3e829605b,Front Raises with Plates,shoulders,,beginner,5.0,,1,0,254,13,,2025-09-19 00:55:32,2025-09-19 00:57:54,Strength,"['Shoulders', 'Trapezius']",['none']
2c1cf4c7-bf64-44ea-9a11-3ec4e97afcb5,"Leg Raises, Lying",abs,,beginner,5.0,,1,0,377,10,,2025-09-19 00:55:32,2025-09-19 00:57:54,Strength,"['Abs', 'Serratus anterior']",['Gym mat']
ef3ba440-55a0-43e6-a38e-4e0493b9760a,Double Kettlebell Clean and Press,arms,,beginner,5.0,,1,0,1360,8,,2025-09-19 00:55:32,2025-09-19 00:57:54,Strength,"['Shoulders', 'Biceps', 'Brachialis', 'Quads', 'Trapezius', 'Triceps', 'Hamstrings', 'Glutes', 'Lats', 'Abs']",['Kettlebell']
539f00dd-cb90-47b5-92fd-50542d4b5eca,DB Underhand bench press,chest,,beginner,5.0,,1,0,1497,11,,2025-09-19 00:55:32,2025-09-19 00:57:54,Strength,"['Chest', 'Shoulders']","['Bench', 'Dumbbell']"
93de48fc-c9e2-45bb-9005-7f262da1350d,Torso rotation strech,chest,,beginner,5.0,,1,0,1451,11,,2025-09-19 00:55:32,2025-09-19 00:57:54,Strength,"['Obliquus externus abdominis', 'Chest']",['none (bodyweight exercise)']
2e472282-83cf-4a7a-83cd-95f88b574e87,Dynamic side hold,abs,,beginner,5.0,,1,0,1099,10,,2025-09-19 00:55:32,2025-09-19 00:57:54,Strength,"['Obliquus externus abdominis', 'Abs']",['Kettlebell']
f1e5543b-d7f8-434a-a57b-470441d8e3b0,Side-laying interior rotation,shoulders,,beginner,5.0,,1,0,1582,13,,2025-09-19 00:55:32,2025-09-19 00:57:54,Strength,['Trapezius'],"['Barbell', 'Bench', 'Dumbbell']"
4544d4ce-68ad-4548-b512-2ca87e2fce22,Front lever tuck,back,,beginner,5.0,,1,0,1214,12,,2025-09-19 00:55:32,2025-09-19 00:57:54,Strength,"['Shoulders', 'Biceps', 'Lats', 'Triceps']",['Pull-up bar']
7247ab73-c636-48f4-8f04-895cd214b9d6,Standing Bicep Curl,arms,,beginner,5.0,,1,0,621,8,,2025-09-19 00:55:32,2025-09-19 00:57:54,Strength,"['Biceps', 'Brachialis', 'Brachialis']",['Dumbbell']
b9a16a8f-a61c-4348-917e-0087dfeb0d43,Sit & Reach,back,,beginner,5.0,,1,0,1394,12,,2025-09-19 00:55:32,2025-09-19 00:57:54,Strength,['Hamstrings'],['Gym mat']
193acce3-5afe-40cd-b96e-8fc194885eae,TRX roll out,abs,,beginner,5.0,,1,0,1246,10,,2025-09-19 00:55:32,2025-09-19 00:57:54,Strength,"['Abs', 'Obliquus externus abdominis', 'Serratus anterior']",['none (bodyweight exercise)']
ae34116b-b3f6-45c2-8bdb-1798f61abdb8,Bench Press Narrow Grip,arms,,beginner,5.0,,1,0,76,8,,2025-09-19 00:55:32,2025-09-19 00:57:54,Strength,"['Triceps', 'Shoulders', 'Chest']","['Barbell', 'Bench']"
8aa38eab-78f3-4743-949c-1b7f02fe66a3,Elliptical,cardio,,beginner,5.0,,1,0,962,15,,2025-09-19 00:55:32,2025-09-19 00:57:54,Cardio,"['Glutes', 'Quads', 'Trapezius', 'Biceps', 'Abs', 'Triceps']",['none (bodyweight exercise)']
93a3fa63-3989-4edc-9a8b-d59b2e6d579f,Push-Ups | Incline,chest,,beginner,5.0,,1,0,1111,11,,2025-09-19 00:55:32,2025-09-19 00:57:54,Strength,"['Chest', 'Triceps']","['Bench', 'Incline bench']"
cd7e5cdc-9e1c-4771-bfb1-40d77ad9d094,Good Morning,legs,,beginner,5.0,,1,0,1392,9,,2025-09-19 00:55:32,2025-09-19 00:57:54,Strength,['Hamstrings'],['none (bodyweight exercise)']
9b04d6a5-21ef-4f57-8ef3-6f04d4106aec,Chest Press,chest,,beginner,5.0,,1,0,129,11,,2025-09-19 00:55:32,2025-09-19 00:57:54,Strength,['Chest'],['none']
7d3892d5-9d51-422e-8303-764ddedf8935,Dumbbell Goblet Squat,legs,,beginner,5.0,,1,0,203,9,,2025-09-19 00:55:32,2025-09-19 00:57:54,Strength,['Quads'],['Dumbbell']
62e375ea-8db3-4808-a0d1-6263ce289ad4,Devil’s Press,shoulders,,beginner,5.0,,1,0,1556,13,,2025-09-19 00:55:32,2025-09-19 00:57:54,Strength,"['Shoulders', 'Glutes', 'Chest', 'Hamstrings', 'Lats', 'Obliquus externus abdominis', 'Triceps']",['Dumbbell']
96273402-df78-43db-b515-2acf587b3a30,Landmine press,shoulders,,beginner,5.0,,1,0,346,13,,2025-09-19 00:55:32,2025-09-19 00:57:54,Strength,"['Shoulders', 'Chest', 'Triceps']",['Barbell']
5b8d1021-8c53-46aa-ae51-303dff3d3879,Single Leg Extension,legs,,beginner,5.0,,1,0,71,9,,2025-09-19 00:55:32,2025-09-19 00:57:54,Strength,['Quads'],['none']
d1ec5e7e-41cb-45e1-ad47-126c49347afd,Underhand Lat Pull Down,back,,beginner,5.0,,1,0,684,12,,2025-09-19 00:55:32,2025-09-19 00:57:54,Strength,"['Lats', 'Biceps']",['none']
9c583646-4ea6-432a-92c0-6315b5220899,Wall Pushup,arms,,beginner,5.0,,1,0,713,8,,2025-09-19 00:55:32,2025-09-19 00:57:54,Strength,"['Shoulders', 'Chest', 'Triceps', 'Glutes', 'Abs', 'Serratus anterior', 'Trapezius']",['none (bodyweight exercise)']
90a81029-fba3-4dac-81ae-64c067154cc2,Remada unilateral no cabo,back,,beginner,5.0,,1,0,1491,12,,2025-09-19 00:55:32,2025-09-19 00:57:54,Strength,['Lats'],['Pull-up bar']
3ff2678b-d9d1-4d2d-af15-7b0d39cc224c,Pendelay Rows,back,,beginner,5.0,,1,0,448,12,,2025-09-19 00:55:32,2025-09-19 00:57:54,Strength,"['Lats', 'Trapezius', 'Biceps', 'Triceps']",['Barbell']
eb45e62b-cbe8-45be-9583-519d5f51f1a2,Calf Press Using Leg Press Machine,calves,,beginner,5.0,,1,0,146,14,,2025-09-19 00:55:32,2025-09-19 00:57:54,Flexibility,"['Calves', 'Soleus']",['none']
1dcf74d0-f6b7-4ed4-b48d-cef080db57b2,Crossbody Leg Swings,legs,,beginner,5.0,,1,0,1395,9,,2025-09-19 00:55:32,2025-09-19 00:57:54,Strength,['Hamstrings'],['none (bodyweight exercise)']
b804bb9e-4805-4591-9aad-acf01ea3ad0a,Bag training,cardio,,beginner,5.0,,1,0,1092,15,,2025-09-19 00:55:32,2025-09-19 00:57:54,Cardio,"['Shoulders', 'Chest', 'Trapezius', 'Biceps', 'Hamstrings', 'Calves', 'Lats', 'Obliquus externus abdominis', 'Abs']",['none (bodyweight exercise)']
f6a7cc78-9e1c-4d02-a026-38446ee35caa,Cable Shrug-In,shoulders,,beginner,5.0,,1,0,1472,13,,2025-09-19 00:55:32,2025-09-19 00:57:54,Strength,['Trapezius'],['none']
d660e230-f4ea-4d1a-8f60-17cc5397831e,Hack Squats,legs,,beginner,5.0,,1,0,1414,9,,2025-09-19 00:55:32,2025-09-19 00:57:54,Strength,"['Quads', 'Hamstrings', 'Calves', 'Glutes']",['none']
3e339e9d-8cab-4cd3-ae1b-a8160bb2e088,Seated bench press,chest,,beginner,5.0,,1,0,1095,11,,2025-09-19 00:55:32,2025-09-19 00:57:54,Strength,"['Chest', 'Shoulders', 'Triceps']",['Bench']
234e6918-38cf-4fb2-b2b5-b8af355de604,Dumbbell Single-leg Hip Thrust,legs,,beginner,5.0,,1,0,1234,9,,2025-09-19 00:55:32,2025-09-19 00:57:54,Strength,"['Glutes', 'Hamstrings', 'Quads']",['Barbell']
cba2e3e4-252b-42ca-ae29-6589545506c9,Fly With Cable,chest,,beginner,5.0,,1,0,237,11,,2025-09-19 00:55:32,2025-09-19 00:57:54,Strength,['Chest'],['none']
9e59c7aa-810a-4068-8fb9-8718e9534d09,Smith Press,shoulders,,beginner,5.0,,1,0,916,13,,2025-09-19 00:55:32,2025-09-19 00:57:54,Strength,['Shoulders'],['Incline bench']
fd1553c2-4e6b-47ad-852f-5658a50e56f4,Kroc Row,back,,beginner,5.0,,1,0,1471,12,,2025-09-19 00:55:32,2025-09-19 00:57:54,Strength,"['Lats', 'Trapezius']",['none']
bf55127e-53d4-458c-bf83-47e22e80e752,Calf Raise using Hack Squat Machine,legs,,beginner,5.0,,1,0,1466,9,,2025-09-19 00:55:32,2025-09-19 00:57:54,Strength,"['Calves', 'Soleus']",['none']
836ac53c-03c4-409d-99ab-f07c77312422,Cable Cross-over,chest,,beginner,5.0,,1,0,323,11,,2025-09-19 00:55:32,2025-09-19 00:57:54,Strength,"['Chest', 'Shoulders']",['none']
2891f34f-002e-4400-8fac-ce7e87f385c5,Lateral Raises,shoulders,,beginner,5.0,,1,0,348,13,,2025-09-19 00:55:32,2025-09-19 00:57:54,Strength,['Shoulders'],['Dumbbell']
3f139fb9-e10d-46e3-8a1e-030aa85c6396,Seated Knee Tuck,abs,,beginner,5.0,,1,0,1106,10,,2025-09-19 00:55:32,2025-09-19 00:57:54,Strength,"['Abs', 'Obliquus externus abdominis']",['none (bodyweight exercise)']
95c145bf-dfc7-4a5e-bfd0-f859fa4fe2ae,Dumbbel Bradford press,shoulders,,beginner,5.0,,1,0,1504,13,,2025-09-19 00:55:32,2025-09-19 00:57:54,Strength,['Shoulders'],['Dumbbell']
9a29facd-b282-4484-b52d-d2fbf571460f,Fly With Dumbbells,chest,,beginner,5.0,,1,0,238,11,,2025-09-19 00:55:32,2025-09-19 00:57:54,Strength,['Chest'],['Dumbbell']
53c9bc3b-8aca-405d-a1fa-6b52a42a8cba,High Pull,shoulders,,beginner,5.0,,1,0,289,13,,2025-09-19 00:55:32,2025-09-19 00:57:54,Strength,"['Shoulders', 'Glutes']",['none']
d58d3c58-2e39-407e-b23f-7041585fb671,Good Mornings,legs,,beginner,5.0,,1,0,268,9,,2025-09-19 00:55:32,2025-09-19 00:57:54,Strength,['Hamstrings'],['none']
3d9e031a-078d-4e25-b572-01fa12886f21,Side to Side Push Ups,chest,,beginner,5.0,,1,0,583,11,,2025-09-19 00:55:32,2025-09-19 00:57:54,Strength,"['Shoulders', 'Obliquus externus abdominis', 'Chest', 'Triceps']",['none']
ae273ba9-5792-4068-b3f2-96ca349f0269,"Shoulder Press, on Multi Press",shoulders,,beginner,5.0,,1,0,569,13,,2025-09-19 00:55:32,2025-09-19 00:57:54,Strength,['Shoulders'],['none']
52c2156e-ca9a-4a67-a8e2-bac00b07c0b8,Braced Squat,legs,,beginner,5.0,,1,0,124,9,,2025-09-19 00:55:32,2025-09-19 00:57:54,Strength,"['Quads', 'Glutes']",['none']
d72c1124-44b6-4017-bf5a-579989f0f21e,Squats,legs,,beginner,5.0,,1,0,615,9,,2025-09-19 00:55:32,2025-09-19 00:57:54,Strength,"['Quads', 'Glutes']",['Barbell']
aeb636ac-7c7e-47af-9944-6bfeeabd2459,"Upright Row, SZ-bar",shoulders,,beginner,5.0,,1,0,693,13,,2025-09-19 00:55:32,2025-09-19 00:57:54,Strength,"['Shoulders', 'Trapezius', 'Biceps']",['SZ-Bar']
aeccba16-1655-4535-ac7a-59476a652957,Archer Pull Up,back,,beginner,5.0,,1,0,1545,12,,2025-09-19 00:55:32,2025-09-19 00:57:54,Strength,"['Lats', 'Biceps', 'Trapezius']",['none']
485f7980-7e27-4510-ae85-2ab0244f23a6,Crossbody Hamstring Stretch,legs,,beginner,5.0,,1,0,1400,9,,2025-09-19 00:55:32,2025-09-19 00:57:54,Strength,['Hamstrings'],['none (bodyweight exercise)']
bcd81b40-c414-4863-9389-14d56635c848,Dumbbell Cheat Curl,arms,,beginner,5.0,,1,0,1482,8,,2025-09-19 00:55:32,2025-09-19 00:57:54,Strength,['Biceps'],['Dumbbell']
58919f38-b654-45fc-9982-678df1eb6349,Dumbbell Pullover,back,,beginner,5.0,,1,0,1488,12,,2025-09-19 00:55:32,2025-09-19 00:57:54,Strength,['Lats'],['Dumbbell']
993abca2-4f3b-4e82-ae1d-d0b6946e8839,Trap press,shoulders,,beginner,5.0,,1,0,1581,13,,2025-09-19 00:55:32,2025-09-19 00:57:54,Strength,['Trapezius'],"['Barbell', 'Bench', 'Dumbbell']"
de13774d-d9e6-4fbd-9e3f-d7daf10c6588,punches,arms,,beginner,5.0,,1,0,1462,8,,2025-09-19 00:55:32,2025-09-19 00:57:54,Strength,"['Shoulders', 'Triceps']",['none (bodyweight exercise)']
1af749f5-b0b5-4419-9ac9-57dfeef28820,Renegade Row,back,,beginner,5.0,,1,0,490,12,,2025-09-19 00:55:32,2025-09-19 00:57:54,Strength,"['Lats', 'Trapezius']",['Dumbbell']
9a002a9a-122b-4282-9828-4497726e9e3d,Flutter Kicks,abs,,beginner,5.0,,1,0,235,10,,2025-09-19 00:55:32,2025-09-19 00:57:54,Strength,"['Obliquus externus abdominis', 'Abs']",['none']
25e6b86e-125f-4620-b0a5-2f7947d9ada7,Extensión de gluteo en  máquina,legs,,beginner,5.0,,1,0,1132,9,,2025-09-19 00:55:32,2025-09-19 00:57:54,Strength,['Glutes'],['none']
75365290-4e54-43f0-84dd-420e8e0059c5,Sitting Calf Raises,calves,,beginner,5.0,,1,0,590,14,,2025-09-19 00:55:32,2025-09-19 00:57:54,Flexibility,"['Soleus', 'Calves']",['none']
e5aaff56-f8da-4f9c-90f8-6e7d250a22cc,Stiff-legged Deadlifts,legs,,beginner,5.0,,1,0,627,9,,2025-09-19 00:55:32,2025-09-19 00:57:54,Strength,"['Hamstrings', 'Glutes']",['Barbell']
374c25e3-432a-4171-a089-57ee7b5f8877,Leg Raise,legs,,beginner,5.0,,1,0,376,9,,2025-09-19 00:55:32,2025-09-19 00:57:54,Strength,"['Obliquus externus abdominis', 'Abs']",['none']
b72c3bc3-3f8d-4fe1-8d73-4b3bee7118c4,Standing Pancake,legs,,beginner,5.0,,1,0,1396,9,,2025-09-19 00:55:32,2025-09-19 00:57:54,Strength,['Hamstrings'],['none (bodyweight exercise)']
48ebdfaa-a27f-443b-aba5-3e5d9c8b900e,Dumbbell Concentration Curl,arms,,beginner,5.0,,1,0,202,8,,2025-09-19 00:55:32,2025-09-19 00:57:54,Strength,"['Brachialis', 'Biceps']",['Dumbbell']
f4adc826-a560-45e8-99a4-f056828dce75,Bent High Pulls,shoulders,,beginner,5.0,,1,0,79,13,,2025-09-19 00:55:32,2025-09-19 00:57:54,Strength,['Trapezius'],['Dumbbell']
21be644b-8f4d-4d6a-af18-9820bddbfd02,1-Arm Half-Kneeling Lat Pulldown,back,,beginner,5.0,,1,0,1470,12,,2025-09-19 00:55:32,2025-09-19 00:57:54,Strength,['Lats'],['none']
89fc27fe-9c4e-4bbe-838a-84c4257bcef1,Toe Taps,abs,,beginner,5.0,,1,0,1425,10,,2025-09-19 00:55:32,2025-09-19 00:57:54,Strength,['Abs'],['none (bodyweight exercise)']
875cc879-7fae-403b-b69c-5fb43ceb5968,Toe Touch,legs,,beginner,5.0,,1,0,1390,9,,2025-09-19 00:55:32,2025-09-19 00:57:54,Strength,"['Hamstrings', 'Glutes', 'Calves']",['none (bodyweight exercise)']
3d64e322-dfad-4a7e-92eb-35237851ee44,"Rowing, Lying on Bench",back,,beginner,5.0,,1,0,510,12,,2025-09-19 00:55:32,2025-09-19 00:57:54,Strength,['Lats'],['none']
ade89ddf-a124-438b-be64-077e80626744,Pendulum Squat,legs,,beginner,5.0,,1,0,1527,9,,2025-09-19 00:55:32,2025-09-19 00:57:54,Strength,"['Quads', 'Hamstrings', 'Glutes']",['none (bodyweight exercise)']
67b0ac4c-a6c1-4875-b968-7e47fc8ded1f,TRX hammer curl,arms,,beginner,5.0,,1,0,1260,8,,2025-09-19 00:55:32,2025-09-19 00:57:54,Strength,['Biceps'],['none']
aa34b2c9-b584-4fbc-b59d-bdc97cbad756,Seated W Curl,arms,,beginner,5.0,,1,0,1448,8,,2025-09-19 00:55:32,2025-09-19 00:57:54,Strength,"['Biceps', 'Brachialis']","['Bench', 'Dumbbell']"
0000e1d8-ff29-484f-b6d7-dca813279ca1,Reverse Grip Barbell Curls,arms,,beginner,5.0,,1,0,1290,8,,2025-09-19 00:55:32,2025-09-19 00:57:54,Strength,"['Biceps', 'Brachialis']",['Barbell']
30652422-5783-4bd4-8c4b-2456bba54035,Medicine ball twist,abs,,beginner,5.0,,1,0,1089,10,,2025-09-19 00:55:32,2025-09-19 00:57:54,Strength,"['Obliquus externus abdominis', 'Abs']",['Swiss Ball']
49bf8636-1f7a-4dd9-a14e-e1a89ad46ef0,Handstand Push Up,shoulders,,beginner,5.0,,1,0,907,13,,2025-09-19 00:55:32,2025-09-19 00:57:54,Strength,"['Shoulders', 'Triceps', 'Chest']",['none']
8b2cfeb0-2ae3-48a0-bb5e-09ca39b4b992,Single-arm Preacher Curl,arms,,beginner,5.0,,1,0,584,8,,2025-09-19 00:55:32,2025-09-19 00:57:54,Strength,['Biceps'],['Dumbbell']
82acc695-8d93-4c9f-b73b-dca106de9950,Bent over Cable Flye,chest,,beginner,5.0,,1,0,1469,11,,2025-09-19 00:55:32,2025-09-19 00:57:54,Strength,['Chest'],['none']
afdee3fc-12c0-4ce1-be1a-667cdeccfbdc,Straight Bar Cable Front Raise,shoulders,,beginner,5.0,,1,0,917,13,,2025-09-19 00:55:32,2025-09-19 00:57:54,Strength,['Shoulders'],['SZ-Bar']
9ad5df07-45e6-49d8-a331-5017f2e470bc,Biceps Close Grip Pull Down,arms,,beginner,5.0,,1,0,1280,8,,2025-09-19 00:55:32,2025-09-19 00:57:54,Strength,"['Biceps', 'Shoulders', 'Lats']",['none']
d5fb428e-68dd-4da9-b331-5f3477ea90ec,Copenhagen Adduction Exercise,legs,,beginner,5.0,,1,0,1605,9,,2025-09-19 00:55:32,2025-09-19 00:57:54,Strength,"['Glutes', 'Quads', 'Obliquus externus abdominis', 'Serratus anterior', 'Trapezius']",['Bench']
df936126-7309-4a9d-8a90-670da710ab29,High-Cable Cross Tricep Extention - NB,arms,,beginner,5.0,,1,0,1298,8,,2025-09-19 00:55:32,2025-09-19 00:57:54,Strength,['Triceps'],['none']
7a690844-dee3-4e38-8ffa-192acccae50a,Front Lever,abs,,beginner,5.0,,1,0,1245,10,,2025-09-19 00:55:32,2025-09-19 00:57:54,Strength,"['Lats', 'Abs']",['none (bodyweight exercise)']
24dfa307-70b3-4003-827f-a2524a244f31,Squat Thrust,legs,,beginner,5.0,,1,0,616,9,,2025-09-19 00:55:32,2025-09-19 00:57:54,Strength,"['Glutes', 'Quads', 'Abs', 'Soleus']",['none (bodyweight exercise)']
3a41ba6d-bb38-4d42-bfdc-6d3766dde906,Shoulder Raise Side and Front DB,shoulders,,beginner,5.0,,1,0,1443,13,,2025-09-19 00:55:32,2025-09-19 00:57:54,Strength,['Shoulders'],['Dumbbell']
8fd9cd7f-6f8d-404e-ac28-fb20988a26b9,"Romanian deadlift, single leg",legs,,beginner,5.0,,1,0,1211,9,,2025-09-19 00:55:32,2025-09-19 00:57:54,Strength,['Hamstrings'],"['Dumbbell', 'Kettlebell']"
55187867-cab0-47ef-b97b-9eb7417d668a,Single Leg Hamstring Stretch,legs,,beginner,5.0,,1,0,1393,9,,2025-09-19 00:55:32,2025-09-19 00:57:54,Strength,['Hamstrings'],['none (bodyweight exercise)']
142ddba9-33d6-4f68-9756-2fda4732daf3,Bent Over Rowing,back,,beginner,5.0,,1,0,83,12,,2025-09-19 00:55:32,2025-09-19 00:57:54,Strength,"['Lats', 'Shoulders', 'Biceps']",['Barbell']
41fa378c-b25c-4dc1-b5fd-a922fdf50176,Triceps stretch left,arms,,beginner,5.0,,1,0,1230,8,,2025-09-19 00:55:32,2025-09-19 00:57:54,Strength,['Triceps'],['none (bodyweight exercise)']
59789198-d223-463d-af0e-ec847b79dac6,"Shrugs, Barbells",shoulders,,beginner,5.0,,1,0,571,13,,2025-09-19 00:55:32,2025-09-19 00:57:54,Strength,['Shoulders'],['Barbell']
6a6e31e4-3103-4fcc-8b0d-0e37a31fd209,DB Upper Chest Variation,chest,,beginner,5.0,,1,0,1496,11,,2025-09-19 00:55:32,2025-09-19 00:57:54,Strength,"['Chest', 'Shoulders']",['Dumbbell']
767f6a6d-c0e1-44d1-8aab-fa99057ad85b,Clean and Jerk OL,shoulders,,beginner,5.0,,1,0,1446,13,,2025-09-19 00:55:32,2025-09-19 00:57:54,Strength,"['Shoulders', 'Hamstrings', 'Glutes', 'Quads', 'Lats', 'Abs', 'Trapezius', 'Triceps']",['Barbell']
48319239-30ec-4f53-8129-deade7e1c9a1,"Long-Pulley, Narrow",back,,beginner,5.0,,1,0,395,12,,2025-09-19 00:55:32,2025-09-19 00:57:54,Strength,"['Lats', 'Biceps', 'Brachialis']",['none']
d8d52f3b-3634-4352-9d27-adc48bcbd2b6,Crunches With Legs Up,abs,,beginner,5.0,,1,0,174,10,,2025-09-19 00:55:32,2025-09-19 00:57:54,Strength,"['Abs', 'Obliquus externus abdominis']",['none']
5968e25e-a7bf-427c-9066-1a1e444568a9,Arco femorale una gamba,back,,beginner,5.0,,1,0,1294,12,,2025-09-19 00:55:32,2025-09-19 00:57:54,Strength,"['Glutes', 'Lats']",['none (bodyweight exercise)']
2a264b53-980c-48a2-9339-940b9e8ee0cc,Biceps with TRX,abs,,beginner,5.0,,1,0,958,10,,2025-09-19 00:55:32,2025-09-19 00:57:54,Strength,['Biceps'],['none (bodyweight exercise)']
113633a5-3a9d-455a-9220-957699dbf783,Upright Row w/ Dumbbells,shoulders,,beginner,5.0,,1,0,694,13,,2025-09-19 00:55:32,2025-09-19 00:57:54,Strength,"['Shoulders', 'Trapezius', 'Biceps']",['Dumbbell']
fff37f5d-e86a-416e-a1fd-bbbd69ff36a5,Plate Pinch Hold,arms,,beginner,5.0,,1,0,1430,8,,2025-09-19 00:55:32,2025-09-19 00:57:54,Strength,['Shoulders'],['none']
1cdf25b5-f101-4ab3-afa0-f86acb254e53,EZ-Bar Skullcrusher - NB,arms,,beginner,5.0,,1,0,1297,8,,2025-09-19 00:55:32,2025-09-19 00:57:54,Strength,['Triceps'],['SZ-Bar']
5d220a56-dcdc-4409-bd15-b314020ab4d6,Meadows Row,back,,beginner,5.0,,1,0,1304,12,,2025-09-19 00:55:32,2025-09-19 00:57:54,Strength,"['Lats', 'Trapezius', 'Biceps', 'Abs']",['Barbell']
b2e1125b-fc14-4970-9569-62b817717751,Estiramiento de brazos y cuello,abs,,beginner,5.0,,1,0,1590,10,,2025-09-19 00:55:32,2025-09-19 00:57:54,Strength,"['Shoulders', 'Trapezius', 'Triceps', 'Lats', 'Serratus anterior']",['none (bodyweight exercise)']
89bb4fb3-eb34-42c7-9244-0a8ba0e000b9,Seated Dumbbell Side Lateral,shoulders,,beginner,5.0,,1,0,918,13,,2025-09-19 00:55:32,2025-09-19 00:57:54,Strength,['Shoulders'],['Dumbbell']
e3bb6e03-e789-43c7-9ad5-61c3b14dfdfb,Exercise Band Dorsiflexion,legs,,beginner,5.0,,1,0,1241,9,,2025-09-19 00:55:32,2025-09-19 00:57:54,Strength,['Soleus'],['none (bodyweight exercise)']
eb811d19-81e6-4d89-8499-2035a723a31d,JM Press,arms,,beginner,5.0,,1,0,1302,8,,2025-09-19 00:55:32,2025-09-19 00:57:54,Strength,"['Triceps', 'Biceps', 'Chest']",['Barbell']
fb72255a-6a9e-4ea1-b01f-2c6fb4c26944,walking bridge,abs,,beginner,5.0,,1,0,1103,10,,2025-09-19 00:55:32,2025-09-19 00:57:54,Strength,"['Abs', 'Shoulders', 'Biceps', 'Glutes', 'Lats']",['none (bodyweight exercise)']
3e86c0fe-32a3-46e6-af97-5f101cc852af,One armed push-ups,abs,,beginner,5.0,,1,0,1293,10,,2025-09-19 00:55:32,2025-09-19 00:57:54,Strength,"['Chest', 'Triceps', 'Shoulders', 'Abs']",['none (bodyweight exercise)']
edc9d7e4-ad5d-452c-bc63-e8dcb12fea83,Bretzel stretch,back,,beginner,5.0,,1,0,1577,12,,2025-09-19 00:55:32,2025-09-19 00:57:54,Strength,"['Glutes', 'Hamstrings', 'Lats', 'Chest']",['none']
015d3edb-d70e-4a8a-9c09-ca203bcc03f6,Yoga exercise: Cow-cat,back,,beginner,5.0,,1,0,1244,12,,2025-09-19 00:55:32,2025-09-19 00:57:54,Strength,"['Shoulders', 'Lats', 'Trapezius', 'Obliquus externus abdominis', 'Abs']",['Gym mat']
91558aa8-cf25-4b03-8569-f5281aec69b1,one-handed kettlebell curls,arms,,beginner,5.0,,1,0,975,8,,2025-09-19 00:55:32,2025-09-19 00:57:54,Strength,['Biceps'],['Kettlebell']
f7519e69-b5fd-44ab-be7d-9debe33ccb80,Drop Curl,arms,,beginner,5.0,,1,0,1512,8,,2025-09-19 00:55:32,2025-09-19 00:57:54,Strength,['Biceps'],['Dumbbell']
69c81e02-93a5-4148-b87e-2b354b09bd99,Helms Row,back,,beginner,5.0,,1,0,1303,12,,2025-09-19 00:55:32,2025-09-19 00:57:54,Strength,"['Lats', 'Trapezius']",['Dumbbell']
a534c12b-6632-4079-ab8e-14ee3283f738,Trazioni impugnatura inversa,abs,,beginner,5.0,,1,0,1292,10,,2025-09-19 00:55:32,2025-09-19 00:57:54,Strength,"['Biceps', 'Lats', 'Abs']",['Pull-up bar']
25845ed2-f816-4891-b091-2fd15437170b,Upper External Oblique,chest,,beginner,5.0,,1,0,688,11,,2025-09-19 00:55:32,2025-09-19 00:57:54,Strength,['Obliquus externus abdominis'],['Pull-up bar']
75fa34c9-f01f-464a-8a5d-b3ea0aaea331,Close-grip Lat Pull Down,back,,beginner,5.0,,1,0,158,12,,2025-09-19 00:55:32,2025-09-19 00:57:54,Strength,['Lats'],['none']
7a8f2caf-a669-4289-a6a7-b7c0c8b50ac9,Planche de cote dynamique,abs,,beginner,5.0,,1,0,1288,10,,2025-09-19 00:55:32,2025-09-19 00:57:54,Strength,"['Obliquus externus abdominis', 'Abs']",['none (bodyweight exercise)']
c2375fb2-3cc8-4a92-9e6b-faadfd8f1874,Glute Bridge,legs,,beginner,5.0,,1,0,265,9,,2025-09-19 00:55:32,2025-09-19 00:57:54,Strength,"['Glutes', 'Hamstrings']",['none']
e95286ab-ada0-4209-8931-98f49bee7dbb,BUS DRIVERS,shoulders,,beginner,5.0,,1,0,915,13,,2025-09-19 00:55:32,2025-09-19 00:57:54,Strength,['Shoulders'],['none']
10e68551-feaa-40fa-8ebf-cc1d95c93244,Rowing Machine,cardio,,beginner,5.0,,1,0,1093,15,,2025-09-19 00:55:32,2025-09-19 00:57:54,Cardio,"['Shoulders', 'Biceps', 'Hamstrings', 'Brachialis', 'Calves', 'Glutes', 'Lats', 'Obliquus externus abdominis', 'Quads', 'Abs', 'Serratus anterior', 'Soleus', 'Trapezius']",['none (bodyweight exercise)']
fcef3d46-31b6-4c0a-871c-6513611c3a21,Lying Dumbbell Curls,arms,,beginner,5.0,,1,0,1530,8,,2025-09-19 00:55:32,2025-09-19 00:57:54,Strength,['Biceps'],"['Bench', 'Dumbbell']"
213be1dd-5a44-4172-aa45-846838f8a486,Leg Extension,legs,,beginner,5.0,,1,0,851,9,,2025-09-19 00:55:32,2025-09-19 00:57:54,Strength,"['Quads', 'Hamstrings']",['none']
e0d7e42e-e290-47ea-b080-41843ca3e945,Leg raises pull up bar,abs,,beginner,5.0,,1,0,979,10,,2025-09-19 00:55:32,2025-09-19 00:57:54,Strength,"['Abs', 'Obliquus externus abdominis', 'Quads']",['Pull-up bar']
9d0eefbd-32f5-40fc-8d6c-3b64d06cab5a,High Knee Skips HD,cardio,,beginner,5.0,,1,0,1318,15,,2025-09-19 00:55:32,2025-09-19 00:57:54,Cardio,"['Obliquus externus abdominis', 'Abs', 'Biceps', 'Glutes', 'Quads', 'Triceps']",['none (bodyweight exercise)']
0ac847a1-f170-423c-b631-4cd705106fc3,Leg Press,legs,,beginner,5.0,,1,0,371,9,,2025-09-19 00:55:32,2025-09-19 00:57:54,Strength,"['Hamstrings', 'Calves', 'Glutes', 'Quads', 'Calves', 'Glutes']",['none']
a2f38e16-da06-4d05-95d9-78bbaee42a26,Tricep Pushdown on Cable,arms,,beginner,5.0,,1,0,805,8,,2025-09-19 00:55:32,2025-09-19 00:57:54,Strength,['Triceps'],['none']
fd7d4b31-45f0-4c78-80fe-07a7b6c5ce3d,Plank with Alternating Leg Lift,legs,,beginner,5.0,,1,0,1410,9,,2025-09-19 00:55:32,2025-09-19 00:57:54,Strength,['Glutes'],['none (bodyweight exercise)']
2e9a1519-b51a-46f2-a93f-1f4d484c7895,Tricep Dumbbell Kickback,arms,,beginner,5.0,,1,0,655,8,,2025-09-19 00:55:32,2025-09-19 00:57:54,Strength,['Triceps'],['Dumbbell']
436473b9-0809-4876-9eb9-87292ab843fd,Kreis Press DB,shoulders,,beginner,5.0,,1,0,1442,13,,2025-09-19 00:55:32,2025-09-19 00:57:54,Strength,"['Shoulders', 'Biceps', 'Chest', 'Abs', 'Triceps']",['Dumbbell']
bec0df5a-ab0e-4649-9946-ae46808133b1,Leg Curls (laying),legs,,beginner,5.0,,1,0,365,9,,2025-09-19 00:55:32,2025-09-19 00:57:54,Strength,['Hamstrings'],['none']
fdbc0b26-5f29-4149-a19e-518154e2a672,Cobra Stretch,back,,beginner,5.0,,1,0,1450,12,,2025-09-19 00:55:32,2025-09-19 00:57:54,Strength,"['Abs', 'Chest']",['none (bodyweight exercise)']
ffb9c111-3f4b-4034-b1b2-0793cc286be1,Incline Dumbbell Fly,chest,,beginner,5.0,,1,0,308,11,,2025-09-19 00:55:32,2025-09-19 00:57:54,Strength,['Chest'],"['Dumbbell', 'Incline bench']"
7d7ca993-770a-48b5-8d9d-f5a758263cb9,Dumbbell wide bicep curls,arms,,beginner,5.0,,1,0,1225,8,,2025-09-19 00:55:32,2025-09-19 00:57:54,Strength,['Biceps'],['Dumbbell']
852a123a-a13a-4d17-a5db-be7812abbd47,Claps over the head,arms,,beginner,5.0,,1,0,1223,8,,2025-09-19 00:55:32,2025-09-19 00:57:54,Strength,['Shoulders'],['none (bodyweight exercise)']
2ab47b04-1804-4b04-b824-988fae241082,SMITH MACHINE SLIGHT INCLINE PRESS,chest,,beginner,5.0,,1,0,925,11,,2025-09-19 00:55:32,2025-09-19 00:57:54,Strength,['Chest'],['none']
99380536-c6aa-4c70-a07c-1a00c6280e62,Incline Push up,chest,,beginner,5.0,,1,0,313,11,,2025-09-19 00:55:32,2025-09-19 00:57:54,Strength,"['Chest', 'Hamstrings']",['none']
df0a4109-5d72-42f0-bc9c-5df32620a520,Hindu Pushups,shoulders,,beginner,5.0,,1,0,1080,13,,2025-09-19 00:55:32,2025-09-19 00:57:54,Strength,"['Shoulders', 'Chest', 'Triceps']",['none']
82e99200-f976-4e8f-9086-42e47f33b4c3,Butterfly Narrow Grip,chest,,beginner,5.0,,1,0,137,11,,2025-09-19 00:55:32,2025-09-19 00:57:54,Strength,['Chest'],['none']
b9d23eda-f3ff-484c-87fb-06c10cebf23a,Dumbbells on Scott Machine,arms,,beginner,5.0,,1,0,208,8,,2025-09-19 00:55:32,2025-09-19 00:57:54,Strength,['Biceps'],['none']
dc8c620c-c418-494c-ada7-723e1afca898,Squat Jumps,legs,,beginner,5.0,,1,0,614,9,,2025-09-19 00:55:32,2025-09-19 00:57:54,Strength,['Quads'],['none']
5fd2dfb2-e6a0-48fc-8237-a466396fbe52,Typewriter Pull-ups,back,,beginner,5.0,,1,0,1607,12,,2025-09-19 00:55:32,2025-09-19 00:57:54,Strength,"['Biceps', 'Lats', 'Trapezius']",['none (bodyweight exercise)']
27ee9565-4599-4863-96e8-9c49f8315022,Elbows Tucked DB Bench Press,arms,,beginner,5.0,,1,0,1498,8,,2025-09-19 00:55:32,2025-09-19 00:57:54,Strength,"['Triceps', 'Chest']","['Bench', 'Dumbbell']"
a1cf091d-6bb4-4fbe-ac91-3f0a21568803,Biceps Curls With SZ-bar,arms,,beginner,5.0,,1,0,94,8,,2025-09-19 00:55:32,2025-09-19 00:57:54,Strength,"['Biceps', 'Brachialis']",['SZ-Bar']
1033ae04-4191-4c34-828f-4b6c455d0e3f,Shoulder Shrug,shoulders,,beginner,5.0,,1,0,570,13,,2025-09-19 00:55:32,2025-09-19 00:57:54,Strength,['Trapezius'],['none (bodyweight exercise)']
d8e04725-1829-4777-808f-41f562ee3e22,LYING DUMBBELL ROW SS SEATED SHRUG,back,,beginner,5.0,,1,0,923,12,,2025-09-19 00:55:32,2025-09-19 00:57:54,Strength,['Lats'],['Dumbbell']
d7b5d937-6835-4ff1-aeb1-8d099b3cc8df,Dumbbell Triceps Extension,arms,,beginner,5.0,,1,0,211,8,,2025-09-19 00:55:32,2025-09-19 00:57:54,Strength,"['Triceps', 'Shoulders', 'Chest']",['Dumbbell']
d8135a5f-4f0f-4a1d-8f75-abb33c49a32f,DB UCV,chest,,beginner,5.0,,1,0,1500,11,,2025-09-19 00:55:32,2025-09-19 00:57:54,Strength,"['Chest', 'Shoulders']",['Dumbbell']
8a9c01b6-721b-45dc-991e-cfb574e5effe,Leg Press Toe Press,legs,,beginner,5.0,,1,0,1515,9,,2025-09-19 00:55:32,2025-09-19 00:57:54,Strength,['Calves'],['none']
a7863a57-d569-451f-985f-5c753dcf5902,Bench Dips On Floor HD,arms,,beginner,5.0,,1,0,1320,8,,2025-09-19 00:55:32,2025-09-19 00:57:54,Strength,"['Biceps', 'Brachialis', 'Triceps', 'Shoulders', 'Chest', 'Soleus', 'Trapezius']",['none (bodyweight exercise)']
0dc635b3-8e38-46b5-9f06-271124bb00ed,Barbell Hip Thrust,legs,,beginner,5.0,,1,0,901,9,,2025-09-19 00:55:32,2025-09-19 00:57:54,Strength,['Glutes'],['Barbell']
f2ffb17f-a30c-4652-9ef1-571feb8a0e3d,Side Plank,abs,,beginner,5.0,,1,0,580,10,,2025-09-19 00:55:32,2025-09-19 00:57:54,Strength,"['Abs', 'Obliquus externus abdominis']",['none (bodyweight exercise)']
6658a088-8c06-4f18-8f65-c6c4eafc64f2,Extensión de gluteos en polea,legs,,beginner,5.0,,1,0,1131,9,,2025-09-19 00:55:32,2025-09-19 00:57:54,Strength,['Glutes'],['none']
da9a0df6-2289-44af-91dc-889ccb8fdf2d,Jalón abierto supino,back,,beginner,5.0,,1,0,1125,12,,2025-09-19 00:55:32,2025-09-19 00:57:54,Strength,['Lats'],['none']
c28530dc-edc5-41c9-8b44-170d9e5d667f,Preacher Curls,arms,,beginner,5.0,,1,0,465,8,,2025-09-19 00:55:32,2025-09-19 00:57:54,Strength,"['Brachialis', 'Brachialis']",['SZ-Bar']
334560cd-d8c9-4885-bccb-693e1b78e18d,Straight Bar Cable Curls,arms,,beginner,5.0,,1,0,912,8,,2025-09-19 00:55:32,2025-09-19 00:57:54,Strength,['Biceps'],['none']
23b98848-a915-49c8-9d7e-a23a064c033b,DB Cross Body Hammer Curls,arms,,beginner,5.0,,1,0,1502,8,,2025-09-19 00:55:32,2025-09-19 00:57:54,Strength,['Biceps'],['Dumbbell']
c22e2306-cde9-4c91-963e-21bbec7e642e,Calf Raises on Hackenschmitt Machine,calves,,beginner,5.0,,1,0,148,14,,2025-09-19 00:55:32,2025-09-19 00:57:54,Flexibility,"['Calves', 'Soleus']",['none']
23e11ef4-2e89-4fde-bea0-d01764fb5b2f,Levitation Crunch,abs,,beginner,5.0,,1,0,1478,10,,2025-09-19 00:55:32,2025-09-19 00:57:54,Strength,['Abs'],['none (bodyweight exercise)']
ecb13eaf-165e-434d-852d-48883dd2a461,Incline Bench Reverse Fly - Hello,back,,beginner,5.0,,1,0,828,12,,2025-09-19 00:55:32,2025-09-19 00:57:54,Strength,"['Shoulders', 'Trapezius']",['Dumbbell']
fecdf56d-a842-4ddb-a75a-93e60bad870f,Lying Rotator Cuff Exercise,shoulders,,beginner,5.0,,0,0,406,13,,2025-09-19 00:55:32,2025-09-19 00:57:54,Strength,[],['Dumbbell']
89feed92-ed8f-43cb-8d7f-6c7333678aed,Kettlebell deadlifts,back,,beginner,5.0,,0,0,1003,12,,2025-09-19 00:55:32,2025-09-19 00:57:54,Strength,[],['Kettlebell']
b829b02f-6bdc-4f36-a2e8-c811e06fb985,"Hip Raise, Lying",back,,beginner,5.0,,0,0,292,12,,2025-09-19 00:55:32,2025-09-19 00:57:54,Strength,[],['none (bodyweight exercise)']
ca839774-0d92-47df-a919-a4470fb13c46,Dumbbell Split Squat,legs,,beginner,5.0,,0,0,1366,9,,2025-09-19 00:55:32,2025-09-19 00:57:54,Strength,[],['Dumbbell']
271d6bc8-55f2-41af-8f6d-1056f18de5ba,Lower Back Extensions,back,,beginner,5.0,,0,0,1348,12,,2025-09-19 00:55:32,2025-09-19 00:57:54,Strength,[],['none']
744e8c5f-258d-42a9-a874-b2ed4172fbaf,Abduction while standing,legs,,beginner,5.0,,0,0,1096,9,,2025-09-19 00:55:32,2025-09-19 00:57:54,Strength,[],['none (bodyweight exercise)']
20022a59-f85a-4a7b-83da-4e7d73a9d370,Run - Interval Training,cardio,,beginner,5.0,,0,0,529,15,,2025-09-19 00:55:32,2025-09-19 00:57:54,Cardio,[],['none']
d866e906-17f9-49a3-82bb-052d09542541,Swimming 50m sprints,cardio,,beginner,5.0,,0,0,961,15,,2025-09-19 00:55:32,2025-09-19 00:57:54,Cardio,[],['none']
7a7e1b31-fffd-48b8-98a7-b8f5a0797999,Head tilts,back,,beginner,5.0,,0,0,1018,12,,2025-09-19 00:55:32,2025-09-19 00:57:54,Strength,[],['none (bodyweight exercise)']
0ec7e028-40e2-4536-ae4d-5d7a6a63c4ba,Back bridge,back,,beginner,5.0,,0,0,1263,12,,2025-09-19 00:55:32,2025-09-19 00:57:54,Strength,"['Shoulders', 'Hamstrings', 'Calves', 'Lats', 'Trapezius', 'Triceps']",['none (bodyweight exercise)']
e7d1c9e8-a761-451c-a3e9-172fb0c06ca4,Deficit Deadlift,back,,beginner,5.0,,0,0,189,12,,2025-09-19 00:55:32,2025-09-19 00:57:54,Strength,"['Hamstrings', 'Glutes', 'Lats', 'Abs', 'Soleus']",['Barbell']
c2aab166-9671-48a7-b8ba-a8f646b2b82d,Barbell Hack Squats,legs,,beginner,5.0,,0,0,43,9,,2025-09-19 00:55:32,2025-09-19 00:57:54,Strength,[],['Barbell']
c1f53dbb-726e-4599-98e6-7ceb148f2f02,Side-lying External Rotation,shoulders,,beginner,5.0,,0,0,578,13,,2025-09-19 00:55:32,2025-09-19 00:57:54,Strength,[],['none']
04b41dc5-e3c3-4d76-ac85-56b9492f8fbe,Barbell Lunges Walking,legs,,beginner,5.0,,0,0,802,9,,2025-09-19 00:55:32,2025-09-19 00:57:54,Strength,[],['Barbell']
9a8ffe9a-d667-4153-a8d8-425866114972,V-Bar Pulldown,back,,beginner,5.0,,0,0,695,12,,2025-09-19 00:55:32,2025-09-19 00:57:54,Strength,[],['none']
a79bd72c-cd3c-4181-8bfd-31e463f9cfe8,Forward shoulder rotation,back,,beginner,5.0,,0,0,1004,12,,2025-09-19 00:55:32,2025-09-19 00:57:54,Strength,[],['none (bodyweight exercise)']
e7204fe2-efa9-457b-a271-e7d0c46d3fbf,Remo maquina agarre estrecho,back,,beginner,5.0,,0,0,1119,12,,2025-09-19 00:55:32,2025-09-19 00:57:54,Strength,[],['none']
168e4205-d7cd-49d7-914b-b0b88865934c,Quadruped thoracic rotation left,back,,beginner,5.0,,0,0,1028,12,,2025-09-19 00:55:32,2025-09-19 00:57:54,Strength,[],['none (bodyweight exercise)']
dd887baf-0806-427b-927d-14a1b3189c8d,One Arm Triceps Extensions on Cable,arms,,beginner,5.0,,0,0,803,8,,2025-09-19 00:55:32,2025-09-19 00:57:54,Strength,[],['none']
f13d61fb-8a0d-4e75-93c1-8164d3eccaaf,Head turns,shoulders,,beginner,5.0,,0,0,1007,13,,2025-09-19 00:55:32,2025-09-19 00:57:54,Strength,[],['none (bodyweight exercise)']
1bdb2617-344a-4e96-8e2d-e5e246cafe7f,Rear Delt Raises,shoulders,,beginner,5.0,,0,0,487,13,,2025-09-19 00:55:32,2025-09-19 00:57:54,Strength,[],['Dumbbell']
bda76aac-7a23-408f-b0bd-c60d36e46af6,Barbell Hip Thrust,legs,,beginner,5.0,,0,0,906,9,,2025-09-19 00:55:32,2025-09-19 00:57:54,Strength,[],['none']
1e4a79a7-bad1-458e-acbc-73970ddfcba5,Chin Up,back,,beginner,5.0,,0,0,152,12,,2025-09-19 00:55:32,2025-09-19 00:57:54,Strength,[],['Pull-up bar']
040fb42f-c197-4dd8-ae54-5bd08904cfde,Recruitment Pulls,arms,,beginner,5.0,,0,0,1216,8,,2025-09-19 00:55:32,2025-09-19 00:57:54,Strength,[],['none']
f792d026-cf09-486f-9c4e-2f1111eae431,Chin tuck,back,,beginner,5.0,,0,0,1006,12,,2025-09-19 00:55:32,2025-09-19 00:57:54,Strength,[],['none (bodyweight exercise)']
1ec85954-49f7-441f-b7ff-74c3f75fc0c8,Left neck stretch,shoulders,,beginner,5.0,,0,0,1008,13,,2025-09-19 00:55:32,2025-09-19 00:57:54,Strength,[],['none (bodyweight exercise)']
5ddb88ec-d00f-4924-a542-627288d19d47,Backward shoulder rotation,back,,beginner,5.0,,0,0,1005,12,,2025-09-19 00:55:32,2025-09-19 00:57:54,Strength,[],['none (bodyweight exercise)']
1fdb2555-e187-4a30-b387-fe0d61b51f9e,Diagonal Shoulder Press,shoulders,,beginner,5.0,,0,0,193,13,,2025-09-19 00:55:32,2025-09-19 00:57:54,Strength,[],['Bench']
acf0af12-4b55-40c4-aaa3-69976a64c7e5,Alternating bicep curls,arms,,beginner,5.0,,0,0,1012,8,,2025-09-19 00:55:32,2025-09-19 00:57:54,Strength,[],['Dumbbell']
46e10670-f889-4437-8d74-194d504da7cd,Dumbbell Hang Power Cleans,back,,beginner,5.0,,0,0,1087,12,,2025-09-19 00:55:32,2025-09-19 00:57:54,Strength,[],['Dumbbell']
fbcaeca2-5397-4a48-ab4a-dce3e90598fa,Deadhang,arms,,beginner,5.0,,0,0,182,8,,2025-09-19 00:55:32,2025-09-19 00:57:54,Strength,[],['none']
a74c37cf-a183-44e6-97db-faf9ce0ee784,Push-up rotations,arms,,beginner,5.0,,0,0,985,8,,2025-09-19 00:55:32,2025-09-19 00:57:54,Strength,[],['none (bodyweight exercise)']
29068b8f-a257-478c-9b62-cdeea72abf25,Seated Cable Row,back,,beginner,5.0,,0,0,1117,12,,2025-09-19 00:55:32,2025-09-19 00:57:54,Strength,[],['none']
9c56b446-cbff-4636-ad03-a97ee1444afd,Standing Rope Forearm,arms,,beginner,5.0,,0,0,623,8,,2025-09-19 00:55:32,2025-09-19 00:57:54,Strength,[],['none']
8fdbffb8-6dc0-48bc-9d02-8f2bdcd2e44b,Shoulder dislocates,shoulders,,beginner,5.0,,0,0,1081,13,,2025-09-19 00:55:32,2025-09-19 00:57:54,Strength,[],['none']
55799a54-6470-4791-a01b-1b6b1de53ef8,Right neck stretch,shoulders,,beginner,5.0,,0,0,1009,13,,2025-09-19 00:55:32,2025-09-19 00:57:54,Strength,[],['none (bodyweight exercise)']
0e0e5a2c-b158-4c4e-ac6c-26ae56d5b184,L Hold,abs,,beginner,5.0,,0,0,382,10,,2025-09-19 00:55:32,2025-09-19 00:57:54,Strength,[],['none']
38ff3f5c-4aaf-43a2-99ea-adcc0f89d454,Mountain climbers,chest,,beginner,5.0,,0,0,996,11,,2025-09-19 00:55:32,2025-09-19 00:57:54,Strength,[],['none (bodyweight exercise)']
bf088d7d-f6a3-4d10-b37e-edbecc247fa9,Standing Dowel Shoulder press,shoulders,,beginner,5.0,,0,0,1575,13,,2025-09-19 00:55:32,2025-09-19 00:57:54,Strength,[],['Barbell']
4196955e-fc33-4e9c-a335-0615ade45e8b,High knees,cardio,,beginner,5.0,,0,0,983,15,,2025-09-19 00:55:32,2025-09-19 00:57:54,Cardio,[],['none (bodyweight exercise)']
ff05ce84-6332-445e-9051-96b318e488b7,Calf Raise with machine (seated),legs,,beginner,5.0,,0,0,1365,9,,2025-09-19 00:55:32,2025-09-19 00:57:54,Strength,[],['none']
3537892a-09ae-4a2a-be5b-dabbbf3a6416,Rowing with TRX band,back,,beginner,5.0,,0,0,674,12,,2025-09-19 00:55:32,2025-09-19 00:57:54,Strength,[],['none (bodyweight exercise)']
04a4d001-9141-42fc-8064-53ca265b7825,Pullup on fingerboard,arms,,beginner,5.0,,0,0,821,8,,2025-09-19 00:55:32,2025-09-19 00:57:54,Strength,[],['none (bodyweight exercise)']
41ea3604-aa96-4d76-99cd-1897961dd9e1,Hand Grip,arms,,beginner,5.0,,0,0,279,8,,2025-09-19 00:55:32,2025-09-19 00:57:54,Strength,[],['none']
71e3ff1b-9df5-4590-924a-def893d60cf6,Romanian Deadlift,legs,,beginner,5.0,,0,0,507,9,,2025-09-19 00:55:32,2025-09-19 00:57:54,Strength,[],['Barbell']
135bbf0c-55de-4007-9c2c-3eb10036112c,2 Handed Kettlebell Swing,abs,,beginner,5.0,,0,0,9,10,,2025-09-19 00:55:32,2025-09-19 00:57:54,Strength,[],['Kettlebell']
087c687a-048a-4ef4-b42b-7fcf1b39a164,Step-ups,legs,,beginner,5.0,,0,0,981,9,,2025-09-19 00:55:32,2025-09-19 00:57:54,Strength,[],['Bench']
523202b1-9e3e-4135-bf90-8711d0a85fcc,Ball crunches,abs,,beginner,5.0,,0,0,165,10,,2025-09-19 00:55:32,2025-09-19 00:57:54,Strength,[],['none']
effd3095-5eec-4598-b31b-41158532d555,Finger Pushup,arms,,beginner,5.0,,0,0,1217,8,,2025-09-19 00:55:32,2025-09-19 00:57:54,Strength,[],['none (bodyweight exercise)']
ba228e12-babf-4b9d-8313-e5eb8169b8e1,Lunges,legs,,beginner,5.0,,0,0,984,9,,2025-09-19 00:55:32,2025-09-19 00:57:54,Strength,[],['none (bodyweight exercise)']
0c9dae61-4eb9-489b-a94f-aca5f4c60b93,Fingerboard 20 mm edge,arms,,beginner,5.0,,0,0,820,8,,2025-09-19 00:55:32,2025-09-19 00:57:54,Strength,[],['none']
dca5ddc4-99e9-4a58-9606-5a25dea11d1e,Split squats right,legs,,beginner,5.0,,0,0,992,9,,2025-09-19 00:55:32,2025-09-19 00:57:54,Strength,[],['none (bodyweight exercise)']
91fcbf33-0639-43d9-a788-c0c17d7f4c9d,Military Press mit SZ-Bar,shoulders,,beginner,5.0,,0,0,418,13,,2025-09-19 00:55:32,2025-09-19 00:57:54,Strength,[],['SZ-Bar']
ce91514f-3075-4654-a0e8-f43594fa8f7e,Pistol squats right,legs,,beginner,5.0,,0,0,1020,9,,2025-09-19 00:55:32,2025-09-19 00:57:54,Strength,[],['none (bodyweight exercise)']
e1b58698-94a7-4257-a75e-b27f12a9aafa,Neck half circles,back,,beginner,5.0,,0,0,1017,12,,2025-09-19 00:55:32,2025-09-19 00:57:54,Strength,[],['none (bodyweight exercise)']
8dc11ec4-ed30-47c9-9bd3-ac5f31d7f850,Shoulder width three-point push-up,arms,,beginner,5.0,,0,0,1209,8,,2025-09-19 00:55:32,2025-09-19 00:57:54,Strength,[],['none (bodyweight exercise)']
7ae5c4f9-0364-4143-85e7-d71538536117,Side plank right,abs,,beginner,5.0,,0,0,1019,10,,2025-09-19 00:55:32,2025-09-19 00:57:54,Strength,[],['none (bodyweight exercise)']
374edc6a-7104-4a62-a887-ea5ba1b7ca9a,Skydiver with arms in T-position,back,,beginner,5.0,,0,0,1210,12,,2025-09-19 00:55:32,2025-09-19 00:57:54,Strength,[],['none (bodyweight exercise)']
49fa69b4-87ed-46bd-8b0b-29edc5575148,Remo maquina agarre estrecho supino,back,,beginner,5.0,,0,0,1120,12,,2025-09-19 00:55:32,2025-09-19 00:57:54,Strength,[],['none']
6a3cd3bf-f1a9-47ac-ab36-cbf8f5c50856,Schwimmen,cardio,,beginner,5.0,,0,0,1574,15,,2025-09-19 00:55:32,2025-09-19 00:57:54,Cardio,[],['none']
80c7d5a0-cc71-49c2-b70a-c5e4980bd5f0,Lat Pull Down (close grip),back,,beginner,5.0,,0,0,1350,12,,2025-09-19 00:55:32,2025-09-19 00:57:54,Strength,[],['none']
8d457ef3-89e7-41e5-9a09-72ff15fc87dd,Plantarflexion Stretch with Band,legs,,beginner,5.0,,0,0,1275,9,,2025-09-19 00:55:32,2025-09-19 00:57:54,Strength,[],['none']
abdececa-e4f2-4338-b8fa-d814cfb60ab1,Pendular hack,legs,,beginner,5.0,,0,0,1521,9,,2025-09-19 00:55:32,2025-09-19 00:57:54,Strength,[],['none']
6e6af0aa-c6e6-400f-bfe5-39aa545f3ad5,Treadmill Cardio,cardio,,beginner,5.0,,0,0,1615,15,,2025-09-19 00:55:32,2025-09-19 00:57:54,Cardio,[],['none (bodyweight exercise)']
bebf4431-5938-4d08-9d0e-05bea853a653,No push-up burpees,chest,,beginner,5.0,,0,0,998,11,,2025-09-19 00:55:32,2025-09-19 00:57:54,Strength,[],['none (bodyweight exercise)']
2dc0a4b4-3357-4869-9bb2-e5e1c108da84,Bronco,cardio,,beginner,5.0,,0,0,1579,15,,2025-09-19 00:55:32,2025-09-19 00:57:54,Cardio,[],['none (bodyweight exercise)']
a3c88c22-53ad-458a-ad2c-f087e554e8e7,Reverse lunges,legs,,beginner,5.0,,0,0,999,9,,2025-09-19 00:55:32,2025-09-19 00:57:54,Strength,[],['none (bodyweight exercise)']
dc9f2f05-fb39-468e-b374-5a82ff631d46,Wall Handstand,shoulders,,beginner,5.0,,0,0,711,13,,2025-09-19 00:55:32,2025-09-19 00:57:54,Strength,[],['none (bodyweight exercise)']
8936846a-342c-4232-9e9e-92307a26dd54,Reverse Plank,abs,,beginner,5.0,,0,0,500,10,,2025-09-19 00:55:32,2025-09-19 00:57:54,Strength,[],['none']
294d0dca-9d7b-4c41-9fd9-c667e913a601,Cycling cardio session,cardio,,beginner,5.0,,0,0,1204,15,,2025-09-19 00:55:32,2025-09-19 00:57:54,Cardio,[],['none']
200526b0-41ea-4c5d-a768-3a0746a90408,Roman Chair,abs,,beginner,5.0,,0,0,505,10,,2025-09-19 00:55:32,2025-09-19 00:57:54,Strength,[],['none']
8e859f7e-b601-44de-9acf-23dee88ffc3c,Dumbbell Hex Press,chest,,beginner,5.0,,0,0,1353,11,,2025-09-19 00:55:32,2025-09-19 00:57:54,Strength,[],['Dumbbell']
c56f13f0-273c-47b8-9fac-545c7628e54b,Barbell Reverse Wrist Curl,arms,,beginner,5.0,,0,0,48,8,,2025-09-19 00:55:32,2025-09-19 00:57:54,Strength,[],"['Barbell', 'Bench']"
254b1149-688d-4e41-9931-cb6ecec8329c,Counterclockwise neck circles,back,,beginner,5.0,,0,0,1016,12,,2025-09-19 00:55:32,2025-09-19 00:57:54,Strength,[],['none (bodyweight exercise)']
69863de3-70ce-4423-a1ff-15b6022374ff,Clockwise neck circles,back,,beginner,5.0,,0,0,1015,12,,2025-09-19 00:55:32,2025-09-19 00:57:54,Strength,[],['none (bodyweight exercise)']
236acc71-6ce5-4a50-9e47-542495973588,Dumbbell sumo deadlift,legs,,beginner,5.0,,0,0,1088,9,,2025-09-19 00:55:32,2025-09-19 00:57:54,Strength,[],['Dumbbell']
9dd12049-ba8e-4040-8d6c-d143d1b29885,"Calf raises, right leg",calves,,beginner,5.0,,0,0,1021,14,,2025-09-19 00:55:32,2025-09-19 00:57:54,Flexibility,[],['none (bodyweight exercise)']
3ed61024-be0e-4579-987f-6719e3b8eb0f,Speed Deadlift,legs,,beginner,5.0,,0,0,604,9,,2025-09-19 00:55:32,2025-09-19 00:57:54,Strength,[],['none']
adbc6134-750c-4dc2-ad9e-48841d618c56,Stationary Bike,cardio,,beginner,5.0,,0,0,624,15,,2025-09-19 00:55:32,2025-09-19 00:57:54,Cardio,[],['none']
b5fa318e-297f-48c1-a97f-74a1289151b4,Sloper hanging,arms,,beginner,5.0,,0,0,804,8,,2025-09-19 00:55:32,2025-09-19 00:57:54,Strength,[],['none (bodyweight exercise)']
e5cbf7fd-2bfb-4044-ab42-8e657bc61c2c,Dumbbell Deadlift,legs,,beginner,5.0,,0,0,1370,9,,2025-09-19 00:55:32,2025-09-19 00:57:54,Strength,[],['Dumbbell']
9b6d6f6a-1032-4833-9d7c-1f13f23aaf4e,3D lunge warmup,cardio,,beginner,5.0,,0,0,1115,15,,2025-09-19 00:55:32,2025-09-19 00:57:54,Cardio,[],['Dumbbell']
289d4d82-4898-4841-8277-3653dfe6d120,Split squats left,legs,,beginner,5.0,,0,0,991,9,,2025-09-19 00:55:32,2025-09-19 00:57:54,Strength,[],['none (bodyweight exercise)']
161eda53-0f64-4855-94ac-ad43a6e3e5e6,Axe Hold,arms,,beginner,5.0,,0,0,31,8,,2025-09-19 00:55:32,2025-09-19 00:57:54,Strength,[],['Dumbbell']
b97e27a7-0424-4085-abe1-eef7f00e9872,Weighted Step-ups,legs,,beginner,5.0,,0,0,722,9,,2025-09-19 00:55:32,2025-09-19 00:57:54,Strength,[],['none']
305439a3-3865-40e3-a7de-359d90ce483a,Toes to bar,abs,,beginner,5.0,,0,0,1529,10,,2025-09-19 00:55:32,2025-09-19 00:57:54,Strength,[],['Pull-up bar']
86f2770c-bcbe-452b-b2eb-8dd45de72269,Overhead Squat,legs,,beginner,5.0,,0,0,441,9,,2025-09-19 00:55:32,2025-09-19 00:57:54,Strength,[],['none']
237df68b-a161-483e-977b-0f1fc9e7d34a,YWTs,back,,beginner,5.0,,0,0,1083,12,,2025-09-19 00:55:32,2025-09-19 00:57:54,Strength,[],['none']
9950b48d-4b45-4c60-82dd-0f8bf925464e,Front neck stretch,back,,beginner,5.0,,0,0,1011,12,,2025-09-19 00:55:32,2025-09-19 00:57:54,Strength,[],['none (bodyweight exercise)']
0064e705-f90b-4ec1-b9c3-243a17dee814,Cardio en bicicleta estática,cardio,,beginner,5.0,,0,0,1618,15,,2025-09-19 00:55:32,2025-09-19 00:57:54,Cardio,[],['none (bodyweight exercise)']
5e476b81-289f-4e5d-86b2-961802ad9a6f,Forward arm circles,arms,,beginner,5.0,,0,0,994,8,,2025-09-19 00:55:32,2025-09-19 00:57:54,Strength,[],['none (bodyweight exercise)']
cf15bbac-841d-4441-8ff8-8bffd1b1f096,Side split squats right,legs,,beginner,5.0,,0,0,987,9,,2025-09-19 00:55:32,2025-09-19 00:57:54,Strength,[],['none (bodyweight exercise)']
44ec441c-8d68-46b1-9176-8c159a306b6f,Roll Down,back,,beginner,5.0,,0,0,1399,12,,2025-09-19 00:55:32,2025-09-19 00:57:54,Strength,['Hamstrings'],['none (bodyweight exercise)']
a54892a5-3ed7-4da3-aaa6-3ee1307f176c,Side split squats left,legs,,beginner,5.0,,0,0,986,9,,2025-09-19 00:55:32,2025-09-19 00:57:54,Strength,[],['none (bodyweight exercise)']
ddfe5bac-5fbe-4c58-af87-d18adce38eee,Arnold Shoulder Press,shoulders,,beginner,5.0,,0,0,20,13,,2025-09-19 00:55:32,2025-09-19 00:57:54,Strength,[],['Dumbbell']
5ac3385a-9bf9-4b82-b2b5-888a3ff3d02e,Jogging,cardio,,beginner,5.0,,0,0,319,15,,2025-09-19 00:55:32,2025-09-19 00:57:54,Cardio,[],['none']
08baaafb-2885-48e2-b65f-502b5c96b1d6,scorpion kick,back,,beginner,5.0,,0,0,1206,12,,2025-09-19 00:55:32,2025-09-19 00:57:54,Strength,[],['none (bodyweight exercise)']
a215538b-c636-4c73-bbec-6e7ced42bced,Tibialis raises,calves,,beginner,5.0,,0,0,1200,14,,2025-09-19 00:55:32,2025-09-19 00:57:54,Flexibility,[],['none (bodyweight exercise)']
cece3fe7-8dda-4e8f-8848-2dab461006c4,Back neck stretch,back,,beginner,5.0,,0,0,1010,12,,2025-09-19 00:55:32,2025-09-19 00:57:54,Strength,[],['none (bodyweight exercise)']
44612333-adf8-467c-a6bb-f0bf1037253b,Deadbug,abs,,beginner,5.0,,0,0,178,10,,2025-09-19 00:55:32,2025-09-19 00:57:54,Strength,[],['none']
cfd4c0f5-5909-4b19-9956-43c2af795b81,Bent over row to external rotation,back,,beginner,5.0,,0,0,1082,12,,2025-09-19 00:55:32,2025-09-19 00:57:54,Strength,[],['none']
2b813d82-c69e-4b8e-8a8c-d0fb4653c1cd,Zone 2 Running,cardio,,beginner,5.0,,0,0,908,15,,2025-09-19 00:55:32,2025-09-19 00:57:54,Cardio,[],['none']
f2245a2b-9dc7-4f96-9d0e-f516bac0ef0d,Meditación guiada o libre,cardio,,beginner,5.0,,0,0,1592,15,,2025-09-19 00:55:32,2025-09-19 00:57:54,Cardio,[],['none (bodyweight exercise)']
896439b4-5ee0-46b2-beb2-ab563cfc2c03,Child's pose,back,,beginner,5.0,,0,0,1002,12,,2025-09-19 00:55:32,2025-09-19 00:57:54,Strength,[],['none (bodyweight exercise)']
a7ec48ae-c468-4738-a7f7-f4937be9c8aa,"Wrist curl, dumbbells",arms,,beginner,5.0,,0,0,1205,8,,2025-09-19 00:55:32,2025-09-19 00:57:54,Strength,[],['Dumbbell']
43877f10-58b0-4db5-9c64-a4535eb5845b,Prisoner Squat,legs,,beginner,5.0,,0,0,1208,9,,2025-09-19 00:55:32,2025-09-19 00:57:54,Strength,[],['none (bodyweight exercise)']
ce8b2cdb-bfd6-4bd6-8fb5-54607a473f88,Burpees,chest,,beginner,5.0,,0,0,132,11,,2025-09-19 00:55:32,2025-09-19 00:57:54,Strength,[],['none']
47ce966f-db69-46b2-a02c-76f4ec00d748,Forearm Curls (underhand grip),arms,,beginner,5.0,,0,0,1333,8,,2025-09-19 00:55:32,2025-09-19 00:57:54,Strength,[],['Dumbbell']
78ae64ab-2c54-4d9f-a049-4c1a46ca42c6,Blackroll,back,,beginner,5.0,,0,0,1363,12,,2025-09-19 00:55:32,2025-09-19 00:57:54,Strength,[],['none']
fe24205a-a1c7-421e-a970-768e8c4375ec,Body-Ups,arms,,beginner,5.0,,0,0,112,8,,2025-09-19 00:55:32,2025-09-19 00:57:54,Strength,[],['none (bodyweight exercise)']
beb1da52-45b0-489d-9494-c6dea3422fed,Side Lying Hip Abduction,legs,,beginner,5.0,,0,0,1202,9,,2025-09-19 00:55:32,2025-09-19 00:57:54,Strength,[],['none (bodyweight exercise)']
c0077a48-6b04-4bcf-9b7e-27fc32844cb0,Bulgarian split squats left,legs,,beginner,5.0,,0,0,988,9,,2025-09-19 00:55:32,2025-09-19 00:57:54,Strength,[],['none (bodyweight exercise)']
f4faeb43-dd68-4dac-ad1c-3cc4269a45a4,Run,cardio,,beginner,5.0,,0,0,527,15,,2025-09-19 00:55:32,2025-09-19 00:57:54,Cardio,[],['none']
aebd9e78-3b93-45a3-9cf2-f0750a7f4a8f,Bent-over Lateral Raises,shoulders,,beginner,5.0,,0,0,82,13,,2025-09-19 00:55:32,2025-09-19 00:57:54,Strength,[],"['Bench', 'Dumbbell']"
a8ca9b05-17d6-4bdb-b83e-01ddb7b9a640,Kneeling kickbacks,legs,,beginner,5.0,,0,0,990,9,,2025-09-19 00:55:32,2025-09-19 00:57:54,Strength,[],['none (bodyweight exercise)']
22508a9d-95bf-4bc2-8295-f6b62138b2c7,Bulgarian split squats right,legs,,beginner,5.0,,0,0,989,9,,2025-09-19 00:55:32,2025-09-19 00:57:54,Strength,[],['none (bodyweight exercise)']
f720faaf-d17e-4425-a982-b30125c15a9c,One Arm Bent Row,back,,beginner,5.0,,0,0,1186,12,,2025-09-19 00:55:32,2025-09-19 00:57:54,Strength,[],['none']
e9da6c57-581e-41c7-9388-9157a2f92076,Incline Dumbbell Row,back,,beginner,5.0,,0,0,310,12,,2025-09-19 00:55:32,2025-09-19 00:57:54,Strength,['Lats'],"['Dumbbell', 'Incline bench']"
cb48ac43-a8b7-45a1-babf-1d7f37530328,Dumbbell farmer's carrie,legs,,beginner,5.0,,0,0,1116,9,,2025-09-19 00:55:32,2025-09-19 00:57:54,Strength,[],['Dumbbell']
39b40f26-78ed-4aa0-b043-74fa3f53bb0b,Band pull-aparts,back,,beginner,5.0,,0,0,1380,12,,2025-09-19 00:55:32,2025-09-19 00:57:54,Strength,[],['none']
054cf9da-73e4-4cf5-a49b-b3bf3c1f1a0c,High plank,chest,,beginner,5.0,,0,0,1001,11,,2025-09-19 00:55:32,2025-09-19 00:57:54,Strength,[],['none (bodyweight exercise)']
8549cd03-5af3-4c52-a4fe-9b2ff0b96886,4-count burpees,chest,,beginner,5.0,,0,0,997,11,,2025-09-19 00:55:32,2025-09-19 00:57:54,Strength,[],['none (bodyweight exercise)']
cff7ddbc-c4ad-4799-afc2-0480023e9db5,Quadruped thoracic rotation right,back,,beginner,5.0,,0,0,1029,12,,2025-09-19 00:55:32,2025-09-19 00:57:54,Strength,[],['none (bodyweight exercise)']
20b8d096-72f6-497d-9d70-0558d13657fe,Floor dips,arms,,beginner,5.0,,0,0,1000,8,,2025-09-19 00:55:32,2025-09-19 00:57:54,Strength,[],['none (bodyweight exercise)']
7fd4f6d5-d480-47e7-8b8b-a77a6517b601,Front Wood Chop,back,,beginner,5.0,,0,0,516,12,,2025-09-19 00:55:32,2025-09-19 00:57:54,Strength,[],['none']
41f6cb0a-32e9-4571-b53b-1881d5138b68,Rest (for timed workouts),arms,,beginner,5.0,,0,0,1114,8,,2025-09-19 00:55:32,2025-09-19 00:57:54,Strength,[],['none']
0e31c70e-34d8-436a-ac31-6e4ca39b8b23,Dumbbell Push-Up,chest,,beginner,5.0,,0,0,801,11,,2025-09-19 00:55:32,2025-09-19 00:57:54,Strength,[],['Dumbbell']
3077140d-60c7-4b55-a807-4df59ae788d2,Left levator scapulae stretch,back,,beginner,5.0,,0,0,1013,12,,2025-09-19 00:55:32,2025-09-19 00:57:54,Strength,[],['none (bodyweight exercise)']
cabdf506-befe-44e4-bc5d-5adcd769df73,Scorpion Kick,back,,beginner,5.0,,0,0,1207,12,,2025-09-19 00:55:32,2025-09-19 00:57:54,Strength,[],['none (bodyweight exercise)']
cba0df3c-378b-4cea-b999-a70c89ecf125,Jump rope: basic jumps,cardio,,beginner,5.0,,0,0,993,15,,2025-09-19 00:55:32,2025-09-19 00:57:54,Cardio,[],['none (bodyweight exercise)']
82f30ccc-c0c0-4970-83dc-151439142e55,Flexión lateral,abs,,beginner,5.0,,0,0,1188,10,,2025-09-19 00:55:32,2025-09-19 00:57:54,Strength,[],['Dumbbell']
e0f00f43-ab98-4ac9-895d-dbd7e1c855ba,Backward arm circles,arms,,beginner,5.0,,0,0,995,8,,2025-09-19 00:55:32,2025-09-19 00:57:54,Strength,[],['none (bodyweight exercise)']
3f4fa611-a5bf-4efc-9786-2129bce8f8eb,Right levator scapulae stretch,back,,beginner,5.0,,0,0,1014,12,,2025-09-19 00:55:32,2025-09-19 00:57:54,Strength,[],['none (bodyweight exercise)']
d2f6490a-17c3-4b11-b048-8d831cf9d762,Run - Treadmill,cardio,,beginner,5.0,,0,0,530,15,,2025-09-19 00:55:32,2025-09-19 00:57:54,Cardio,[],['none']
